// Generated by   : ImageConverter 565 Online
// Generated from : imahara_386_dark.png
// Time generated : Tue, 31 Oct 23 02:52:44 +0100  (Server timezone: CET)
// Image Size     : 128x128 pixels
// Memory usage   : 32768 bytes


#if defined(__AVR__)
    #include <avr/pgmspace.h>
#elif defined(__PIC32MX__)
    #define PROGMEM
#elif defined(__arm__)
    #define PROGMEM
#endif

const unsigned short imahara_386_dark[16384] PROGMEM={
0x2968, 0x3126, 0xC5D8, 0xEF7E, 0xD67B, 0xDEDC, 0xDEFD, 0xDE9C, 0xDEBC, 0xDEDC, 0xDEFC, 0xDEBC, 0xDE9C, 0xE69C, 0xDEBC, 0xD69C,   // 0x0010 (16) pixels
0xD69B, 0xDEBC, 0xD69B, 0xD69B, 0xDE9C, 0xDEBC, 0xDEBD, 0xDEBC, 0xDEBC, 0xDEDC, 0xDEDC, 0xD6BB, 0xDEDC, 0xDEDC, 0xDEDC, 0xDEDC,   // 0x0020 (32) pixels
0xDEDD, 0xE6DD, 0xDEDD, 0xDEDC, 0xDEDC, 0xDEBC, 0xDEBC, 0xDEBC, 0xDEBC, 0xDEDC, 0xDEBC, 0xDE9B, 0xDEBC, 0xDEBC, 0xDEBC, 0xD69B,   // 0x0030 (48) pixels
0xD67B, 0xD67B, 0xD67C, 0xD69C, 0xD6BC, 0xDEBC, 0xDEBC, 0xDEBC, 0xDEDC, 0xDEBC, 0xDEDC, 0xDEDC, 0xDEBC, 0xDEBC, 0xDEDC, 0xDEDC,   // 0x0040 (64) pixels
0xDEBC, 0xDEBC, 0xDEDC, 0xDEDC, 0xDEDC, 0xDEDC, 0xDEBC, 0xDEDC, 0xDEBC, 0xDEBC, 0xDEBC, 0xDE9B, 0xDEBC, 0xDEBC, 0xDEBC, 0xDEDD,   // 0x0050 (80) pixels
0xDEDC, 0xE6FC, 0xE6FD, 0xDEDD, 0xDEDC, 0xDEBC, 0xE6DD, 0xE6FD, 0xDEDC, 0xDEDC, 0xDEFD, 0xDEDD, 0xDEDC, 0xE6DC, 0xE6DD, 0xE6FD,   // 0x0060 (96) pixels
0xE6FD, 0xE6FD, 0xE6DD, 0xDEDD, 0xDEBC, 0xDEDC, 0xDEDC, 0xDEBC, 0xDEBC, 0xDEBC, 0xDEBC, 0xD69C, 0xD69C, 0xD69B, 0xDE7B, 0xD67B,   // 0x0070 (112) pixels
0xCE7B, 0xCE7B, 0xD67B, 0xDE5B, 0xD65B, 0xD67B, 0xCE5A, 0xD65B, 0xD65B, 0xCE7B, 0xCE5A, 0xCE7B, 0xCE7A, 0xD69B, 0xCE7B, 0xD69B,   // 0x0080 (128) pixels
0x2968, 0x4188, 0xA4B3, 0xA4F4, 0x9451, 0x9CB3, 0xA4D4, 0xA515, 0xAD36, 0xAD56, 0xB577, 0xB597, 0xBDB8, 0xBDB8, 0xBDB8, 0xBDD9,   // 0x0090 (144) pixels
0xC5F9, 0xC619, 0xC5F9, 0xC619, 0xCE1A, 0xC61A, 0xC619, 0xCE19, 0xC63A, 0xC61A, 0xC61A, 0xCE3A, 0xC63A, 0xCE3A, 0xCE3A, 0xCE3A,   // 0x00A0 (160) pixels
0xCE3B, 0xCE5A, 0xCE7B, 0xD67B, 0xD67B, 0xCE5B, 0xCE7B, 0xCE7B, 0xD69B, 0xCE7B, 0xCE7B, 0xD67B, 0xDE7B, 0xDE9B, 0xD67B, 0xCE7B,   // 0x00B0 (176) pixels
0xD69B, 0xD67B, 0xCE5B, 0xD67B, 0xD67B, 0xD69B, 0xD69B, 0xD67B, 0xCE5A, 0xCE7B, 0xD67B, 0xCE5A, 0xCE5A, 0xCE3B, 0xCE5B, 0xCE5A,   // 0x00C0 (192) pixels
0xD67B, 0xD69B, 0xCE7A, 0xD67B, 0xCE7A, 0xD69B, 0xCE7B, 0xCE5B, 0xCE5B, 0xD65A, 0xCE5A, 0xCE7A, 0xCE39, 0xD67B, 0xDE9B, 0xCE5A,   // 0x00D0 (208) pixels
0xCE5A, 0xCE39, 0xD67B, 0xD69B, 0xCE5B, 0xCE5A, 0xCE5A, 0xCE5B, 0xCE5A, 0xCE39, 0xC619, 0xCE3A, 0xCE3A, 0xC63A, 0xC639, 0xC619,   // 0x00E0 (224) pixels
0xC619, 0xBDF8, 0xBDF8, 0xC619, 0xC619, 0xC619, 0xC5F9, 0xBDD9, 0xC5F9, 0xC5F9, 0xC5F9, 0xC619, 0xC5F9, 0xC5F9, 0xC5F9, 0xC5F9,   // 0x00F0 (240) pixels
0xC5F9, 0xBDD8, 0xBDD8, 0xC5D9, 0xBDF9, 0xBDD8, 0xBDD8, 0xC5F9, 0xBDD8, 0xBDB8, 0xBDB8, 0xBDB7, 0xBDB7, 0xCE5A, 0xBDD9, 0x7B70,   // 0x0100 (256) pixels
0x3188, 0x5209, 0x5249, 0x524A, 0x5AAB, 0x5A8B, 0x526B, 0x5AAC, 0x62CC, 0x62CC, 0x62AC, 0x6AED, 0x630D, 0x630E, 0x6B2E, 0x6B2E,   // 0x0110 (272) pixels
0x732E, 0x734E, 0x734F, 0x736F, 0x736F, 0x7B8F, 0x738F, 0x7390, 0x7BB0, 0x7BB0, 0x7BB0, 0x7BD0, 0x7BB0, 0x7BB0, 0x7BB0, 0x7390,   // 0x0120 (288) pixels
0x738F, 0x7BAF, 0x83D1, 0x83F1, 0x83F1, 0x83F1, 0x7BD0, 0x83F1, 0x8411, 0x83F1, 0x83F1, 0x83F2, 0x8412, 0x8C11, 0x8411, 0x83F1,   // 0x0130 (304) pixels
0x8411, 0x83F0, 0x8BD0, 0x83D1, 0x83F1, 0x83F1, 0x8411, 0x8411, 0x8411, 0x83F1, 0x83F1, 0x83F1, 0x83F1, 0x8411, 0x8411, 0x83F1,   // 0x0140 (320) pixels
0x8C32, 0x8C32, 0x83F1, 0x83F1, 0x83F1, 0x8C31, 0x83F1, 0x83D1, 0x83D1, 0x83D0, 0x83D1, 0x83F1, 0x7BB0, 0x7BB0, 0x8C12, 0x8C12,   // 0x0150 (336) pixels
0x8C31, 0x8411, 0x83F1, 0x7BB0, 0x738F, 0x736F, 0x734E, 0x736E, 0x736F, 0x7BB0, 0x738F, 0x736F, 0x736F, 0x736F, 0x738F, 0x736F,   // 0x0160 (352) pixels
0x6B4F, 0x6B4E, 0x736E, 0x734E, 0x736F, 0x734F, 0x6B6F, 0x736F, 0x734F, 0x736F, 0x736F, 0x736F, 0x736F, 0x736F, 0x736F, 0x736F,   // 0x0170 (368) pixels
0x738F, 0x734F, 0x734E, 0x7390, 0x736F, 0x734E, 0x736F, 0x736F, 0x6B4E, 0x6B2D, 0x734F, 0x7B4E, 0x6B2E, 0x736F, 0x730E, 0x62CD,   // 0x0180 (384) pixels
0x41E9, 0x4187, 0x528A, 0x6B0D, 0x732E, 0x6B2D, 0x6B0D, 0x6B2D, 0x732D, 0x730D, 0x6B0D, 0x6B2D, 0x6B0D, 0x730D, 0x6B2D, 0x5AAB,   // 0x0190 (400) pixels
0x5A6A, 0x528B, 0x5A8B, 0x62CC, 0x630D, 0x6B0E, 0x6B0D, 0x6B2E, 0x6B2D, 0x6B2E, 0x6B0D, 0x6B0D, 0x6B0D, 0x6B0D, 0x630C, 0x630C,   // 0x01A0 (416) pixels
0x6AEC, 0x62EC, 0x62EC, 0x630D, 0x6B2D, 0x6AED, 0x62ED, 0x6B0D, 0x6B0D, 0x630C, 0x62EC, 0x62EC, 0x62EC, 0x630D, 0x6B0D, 0x6B0D,   // 0x01B0 (432) pixels
0x62ED, 0x6B0D, 0x62ED, 0x62ED, 0x6B0D, 0x6B0D, 0x630D, 0x5AAB, 0x5AAB, 0x5AAB, 0x5A8B, 0x6B0D, 0x732D, 0x630C, 0x630D, 0x6B0D,   // 0x01C0 (448) pixels
0x630D, 0x630D, 0x6B0D, 0x6B2D, 0x6B0D, 0x6B0D, 0x6AED, 0x6B0D, 0x6B0D, 0x6B0D, 0x630D, 0x630D, 0x632D, 0x62ED, 0x62CC, 0x62EC,   // 0x01D0 (464) pixels
0x62EC, 0x6B0D, 0x62EC, 0x5ACB, 0x62EC, 0x62ED, 0x62CC, 0x62AB, 0x62EC, 0x6B2E, 0x630D, 0x62ED, 0x6B0D, 0x630D, 0x630D, 0x6B0D,   // 0x01E0 (480) pixels
0x6B0D, 0x630D, 0x632E, 0x6B0D, 0x6B0D, 0x630D, 0x630D, 0x6B0D, 0x6B2D, 0x6B2D, 0x6B0E, 0x62ED, 0x62EC, 0x630D, 0x630D, 0x630D,   // 0x01F0 (496) pixels
0x630D, 0x6B2E, 0x6B0D, 0x6B0D, 0x6B0D, 0x62EC, 0x630C, 0x6B0D, 0x62ED, 0x62CC, 0x6B0D, 0x6AED, 0x62CC, 0x62CC, 0x5229, 0x5A6C,   // 0x0200 (512) pixels
0x31C8, 0x39C7, 0x5AAB, 0x6AEC, 0x6B0D, 0x6B0D, 0x732D, 0x6B4E, 0x6B2D, 0x734E, 0x6B2E, 0x6B2D, 0x6B4E, 0x6B4E, 0x6B2E, 0x738F,   // 0x0210 (528) pixels
0x73AF, 0x7BAF, 0x738F, 0x6B4E, 0x736E, 0x6B6E, 0x736F, 0x736E, 0x6B4E, 0x736E, 0x736F, 0x736E, 0x734E, 0x734E, 0x734E, 0x736E,   // 0x0220 (544) pixels
0x6B4E, 0x6B4E, 0x6B2D, 0x6B2E, 0x736F, 0x736F, 0x6B4E, 0x6B4E, 0x6B4D, 0x6B2D, 0x6B2D, 0x6B4E, 0x6B2E, 0x6B2E, 0x6B4E, 0x736F,   // 0x0230 (560) pixels
0x736E, 0x6B6E, 0x736E, 0x738F, 0x738F, 0x736F, 0x6B4E, 0x7BB0, 0x7BD0, 0x7BAF, 0x7BD0, 0x736E, 0x734E, 0x6B2D, 0x6B4E, 0x734E,   // 0x0240 (576) pixels
0x734F, 0x736F, 0x738F, 0x738F, 0x7B90, 0x736F, 0x736E, 0x736F, 0x736F, 0x736E, 0x6B4E, 0x6B4E, 0x736F, 0x6B6E, 0x6B4E, 0x6B4E,   // 0x0250 (592) pixels
0x736E, 0x736F, 0x736F, 0x6B4E, 0x6B4E, 0x738F, 0x738E, 0x736E, 0x736F, 0x734F, 0x6B4E, 0x6B4E, 0x6B4E, 0x6B4E, 0x6B6E, 0x734F,   // 0x0260 (608) pixels
0x6B4E, 0x6B4E, 0x736F, 0x734E, 0x6B4E, 0x6B4E, 0x6B2E, 0x6B2E, 0x736E, 0x734E, 0x734E, 0x6B4E, 0x6B4E, 0x6B6E, 0x736F, 0x736F,   // 0x0270 (624) pixels
0x734F, 0x734F, 0x736E, 0x6B4E, 0x6B4E, 0x736E, 0x6B2E, 0x734E, 0x736E, 0x6B4E, 0x6B2E, 0x630D, 0x6B2E, 0x734E, 0x5A8B, 0x526A,   // 0x0280 (640) pixels
0x39E9, 0x41C7, 0x628A, 0x6AEC, 0x6B0C, 0x6AEC, 0x6AEC, 0x630C, 0x630D, 0x6B2D, 0x6B4E, 0x734E, 0x6B4D, 0x5ACC, 0x7BAF, 0xF7BF,   // 0x0290 (656) pixels
0xFFFF, 0xFFFF, 0xF7FF, 0x7BF0, 0x62CC, 0x736E, 0x736F, 0x734E, 0x734E, 0x734E, 0x736E, 0x736E, 0x6B6E, 0x736E, 0x7B6E, 0x736E,   // 0x02A0 (672) pixels
0x6B4E, 0x6B4E, 0x6B2D, 0x6B2E, 0x736F, 0x6B4E, 0x6B2D, 0x732E, 0x6B2D, 0x6B0E, 0x6B2E, 0x6B2D, 0x6B2E, 0x734E, 0x6B2E, 0x736E,   // 0x02B0 (688) pixels
0x734E, 0x734E, 0x736E, 0x736E, 0x736E, 0x6B0D, 0x734E, 0xE75D, 0xFFFF, 0xF7FF, 0xFFFF, 0x8C72, 0x5ACC, 0x6B4D, 0x6B4E, 0x734E,   // 0x02C0 (704) pixels
0x734E, 0x736F, 0x736E, 0x736E, 0x6B4E, 0x736E, 0x736E, 0x736E, 0x736E, 0x736E, 0x6B6E, 0x736E, 0x7B6F, 0x736E, 0x736F, 0x736F,   // 0x02D0 (720) pixels
0x736F, 0x736E, 0x734E, 0x734E, 0x6B4E, 0x6B4E, 0x734E, 0x734E, 0x736E, 0x736F, 0x734F, 0x736E, 0x734E, 0x734E, 0x734E, 0x734E,   // 0x02E0 (736) pixels
0x734E, 0x734E, 0x6B4E, 0x6B4F, 0x6B6E, 0x6B4E, 0x6B4E, 0x6B6E, 0x6B4E, 0x734E, 0x732E, 0x6B0E, 0x732E, 0x736E, 0x6B4E, 0x6B4F,   // 0x02F0 (752) pixels
0x6B6E, 0x6B4E, 0x6B2E, 0x6B2E, 0x6B4D, 0x734E, 0x732E, 0x6B4E, 0x6B4E, 0x6B6E, 0x734E, 0x734D, 0x736E, 0x734E, 0x628B, 0x524A,   // 0x0300 (768) pixels
0x4A09, 0x41A7, 0x62AB, 0x6B2D, 0x6B2C, 0x6B0C, 0x6B0C, 0x6B2D, 0x6B0D, 0x6B2D, 0x734E, 0x6B4E, 0x6B2E, 0x62CC, 0x7BAF, 0xFFFF,   // 0x0310 (784) pixels
0xFFFF, 0xFFFF, 0xFFFF, 0x8411, 0x62CC, 0x734E, 0x734E, 0x738E, 0x734E, 0x736E, 0x734E, 0x734E, 0x734E, 0x734E, 0x6B6E, 0x734E,   // 0x0320 (800) pixels
0x6B2D, 0x6B4E, 0x734E, 0x734F, 0x736F, 0x734E, 0x6B0D, 0x6B2D, 0x6B4E, 0x6B2E, 0x6B0E, 0x6B0E, 0x6B0D, 0x6B2D, 0x6B4E, 0x6B4E,   // 0x0330 (816) pixels
0x734F, 0x734E, 0x736E, 0x736E, 0x6B4E, 0x6B0D, 0x736E, 0xF79E, 0xFFFF, 0xFFFF, 0xFFFF, 0x9C93, 0x5AAC, 0x6B4E, 0x734E, 0x6B2E,   // 0x0340 (832) pixels
0x6B4E, 0x736E, 0x736E, 0x6B4E, 0x6B2D, 0x734E, 0x734E, 0x734D, 0x736E, 0x736F, 0x6B6E, 0x736F, 0x7B6F, 0x736F, 0x738F, 0x736E,   // 0x0350 (848) pixels
0x734E, 0x736E, 0x736E, 0x734E, 0x734E, 0x734E, 0x734F, 0x6B4E, 0x736E, 0x7B6E, 0x734E, 0x736E, 0x736E, 0x734E, 0x736E, 0x736E,   // 0x0360 (864) pixels
0x734E, 0x734E, 0x734E, 0x736F, 0x736E, 0x734E, 0x6B4E, 0x6B2E, 0x6B2E, 0x734E, 0x734E, 0x6B2E, 0x734E, 0x736E, 0x734E, 0x6B2E,   // 0x0370 (880) pixels
0x734E, 0x6B4E, 0x6B2E, 0x6B4E, 0x6B4E, 0x6B2E, 0x6B4E, 0x6B4E, 0x6B2E, 0x6B4E, 0x734E, 0x736E, 0x6B4E, 0x6B0D, 0x526A, 0x524A,   // 0x0380 (896) pixels
0x41E9, 0x41C8, 0x5AAB, 0x62ED, 0x6B2D, 0x6B2D, 0x6B4E, 0x734E, 0x6B2E, 0x6B2D, 0x6B2E, 0x6B2E, 0x6B2E, 0x62AC, 0x7BAF, 0xFFFF,   // 0x0390 (912) pixels
0xFFFF, 0xFFFF, 0xFFFF, 0x8411, 0x5ACC, 0x734E, 0x736E, 0x736E, 0x736E, 0x734E, 0x734E, 0x736E, 0x736E, 0x6B4E, 0x736F, 0x6B4E,   // 0x03A0 (928) pixels
0x6B4E, 0x736E, 0x6B4E, 0x734E, 0x736F, 0x6B4E, 0x6B0D, 0x6B2D, 0x6B2E, 0x6B2E, 0x6B2E, 0x6B4E, 0x6B2D, 0x630D, 0x6B4D, 0x734E,   // 0x03B0 (944) pixels
0x734F, 0x6B4E, 0x6B4E, 0x736E, 0x734E, 0x630D, 0x736E, 0xEF9E, 0xFFFF, 0xFFFF, 0xFFFF, 0x9492, 0x5AAC, 0x6B4E, 0x736E, 0x6B4E,   // 0x03C0 (960) pixels
0x6B4E, 0x6B4E, 0x6B2E, 0x6B2E, 0x734E, 0x736E, 0x736E, 0x734E, 0x734E, 0x6B6F, 0x734F, 0x736F, 0x736F, 0x736F, 0x736E, 0x6B4E,   // 0x03D0 (976) pixels
0x734E, 0x7B4F, 0x734E, 0x6B2E, 0x734E, 0x734E, 0x734E, 0x6B4E, 0x736F, 0x736E, 0x6B4E, 0x6B4E, 0x736E, 0x736F, 0x6B4E, 0x736E,   // 0x03E0 (992) pixels
0x736E, 0x736E, 0x734E, 0x734E, 0x6B4E, 0x736E, 0x734E, 0x732E, 0x732E, 0x6B4E, 0x736E, 0x736E, 0x736E, 0x734F, 0x6B6F, 0x6B4E,   // 0x03F0 (1008) pixels
0x6B2E, 0x6B4E, 0x6B4E, 0x734E, 0x6B4E, 0x6B4E, 0x6B4E, 0x6B4F, 0x6B4E, 0x6B4E, 0x736F, 0x734E, 0x6B4E, 0x6B0D, 0x5A8B, 0x41E9,   // 0x0400 (1024) pixels
0x39E9, 0x41C8, 0x62AC, 0x6AED, 0x630D, 0x6B0C, 0x732E, 0x734E, 0x734E, 0x6B0D, 0x6B2D, 0x6B4E, 0x6B2E, 0x62ED, 0x736E, 0xC618,   // 0x0410 (1040) pixels
0xCE7A, 0xCE7A, 0xCE59, 0x7BB0, 0x62ED, 0x6B4E, 0x734E, 0x6B4E, 0x6B6E, 0x6B6E, 0x734E, 0x6B2E, 0x6B2D, 0x6B2E, 0x736F, 0x736F,   // 0x0420 (1056) pixels
0x736F, 0x736F, 0x6B4E, 0x6B2E, 0x6B0D, 0x62ED, 0x6B0D, 0x6B0E, 0x6B2E, 0x6B2E, 0x6B2E, 0x6B2E, 0x6B2E, 0x630D, 0x62ED, 0x62ED,   // 0x0430 (1072) pixels
0x630D, 0x632D, 0x6B2E, 0x734E, 0x734E, 0x6B0D, 0x734E, 0xEF7E, 0xFFFF, 0xFFFF, 0xFFFF, 0x8C52, 0x5AAC, 0x734E, 0x6B2E, 0x630D,   // 0x0440 (1088) pixels
0x6B0E, 0x6B4E, 0x6B4E, 0x734E, 0x6B2E, 0x6B2E, 0x736F, 0x736F, 0x736F, 0x738E, 0x7B6F, 0x736F, 0x736F, 0x736E, 0x736E, 0x734F,   // 0x0450 (1104) pixels
0x734F, 0x734E, 0x6B2D, 0x6B4E, 0x736F, 0x734E, 0x734E, 0x734E, 0x6B0D, 0x630D, 0x6B4E, 0x734E, 0x6B4E, 0x734E, 0x6B4E, 0x6B2E,   // 0x0460 (1120) pixels
0x6B0D, 0x62ED, 0x6B2D, 0x734E, 0x734F, 0x6B4E, 0x6B4E, 0x734E, 0x734E, 0x6B4E, 0x6B4E, 0x734E, 0x736E, 0x734F, 0x6B4E, 0x6B4E,   // 0x0470 (1136) pixels
0x6B4E, 0x6B4E, 0x6B2E, 0x6B4E, 0x734E, 0x6B4E, 0x6B2E, 0x6B4E, 0x6B6E, 0x736E, 0x736F, 0x736F, 0x6B6E, 0x6B2D, 0x628A, 0x3925,   // 0x0480 (1152) pixels
0x41E8, 0x41C7, 0x62CC, 0x6B2D, 0x630D, 0x630D, 0x732E, 0x734E, 0x6B2E, 0x6B0D, 0x6B2E, 0x6B2D, 0x6B2E, 0x6B6E, 0x6B0D, 0x41C8,   // 0x0490 (1168) pixels
0x39A8, 0x41E9, 0x4A09, 0x6AED, 0x62EC, 0x5AAC, 0x5A8B, 0x62ED, 0x6B2E, 0x5A8B, 0x62CC, 0x736F, 0x6B4E, 0x62CC, 0x5A8B, 0x6B4E,   // 0x04A0 (1184) pixels
0x7B8F, 0x62AC, 0x5A8B, 0x6B2E, 0x736E, 0x62ED, 0x4A2A, 0x5AAC, 0x734E, 0x732E, 0x732E, 0x6AED, 0x524A, 0x528B, 0x62ED, 0x6B0D,   // 0x04B0 (1200) pixels
0x6B4D, 0x6B4D, 0x62CC, 0x5A6B, 0x6B0D, 0x6B2E, 0x734F, 0xE77E, 0xFFFF, 0xFFFF, 0xFFFF, 0x8C93, 0x4A09, 0x5A8B, 0x6B4E, 0x6B6E,   // 0x04C0 (1216) pixels
0x6B0D, 0x5A4B, 0x5ACC, 0x6B6F, 0x6B4E, 0x734E, 0x734E, 0x734E, 0x736E, 0x7B8F, 0x7B6F, 0x736E, 0x736E, 0x736E, 0x736E, 0x736F,   // 0x04D0 (1232) pixels
0x7B4F, 0x734E, 0x62CC, 0x5AAC, 0x62AC, 0x6AED, 0x6B0D, 0x62AC, 0x6B2E, 0x6B6E, 0x5AAB, 0x5ACC, 0x62EC, 0x5A8B, 0x630D, 0x6B4E,   // 0x04E0 (1248) pixels
0x6B4E, 0x6B2D, 0x6AED, 0x5A8B, 0x5AAB, 0x734E, 0x734F, 0x736E, 0x736E, 0x734E, 0x6B4E, 0x6B2E, 0x6B4E, 0x6B4E, 0x6B4E, 0x734E,   // 0x04F0 (1264) pixels
0x6B4E, 0x6B4E, 0x6B2E, 0x6B2E, 0x734E, 0x6B2E, 0x6B4E, 0x6B4E, 0x734E, 0x6B6E, 0x734E, 0x734E, 0x6B4E, 0x6B4E, 0x62CB, 0x51E9,   // 0x0500 (1280) pixels
0x41E9, 0x49E8, 0x62CC, 0x6B0D, 0x6B0D, 0x6B0D, 0x6B4E, 0x734E, 0x6B2D, 0x6B0D, 0x6B2E, 0x732E, 0x732E, 0x62CD, 0x734E, 0xBE18,   // 0x0510 (1296) pixels
0xCE79, 0xCE7A, 0xBDF8, 0x7BF0, 0xBDF8, 0xCE9A, 0xD6DB, 0xA514, 0x5A6B, 0x9CF4, 0xD6FB, 0xEF7E, 0xEF7E, 0xDEFC, 0xA515, 0x62CC,   // 0x0520 (1312) pixels
0x524A, 0x83F1, 0xCE59, 0xE77D, 0xEF9E, 0xE75D, 0xC639, 0x734E, 0x524A, 0x736F, 0x5ACC, 0x5A8B, 0xA4F4, 0xCE9A, 0xE73C, 0xE77D,   // 0x0530 (1328) pixels
0xE77D, 0xE75D, 0xDEDB, 0xB5B7, 0x6B4E, 0x526B, 0x7B8F, 0xEF9E, 0xFFFF, 0xFFFF, 0xFFFF, 0x7BB0, 0x736E, 0xCE7A, 0xE75D, 0xEF7E,   // 0x0540 (1344) pixels
0xE75D, 0xCE59, 0x7BB0, 0x5A8B, 0x736E, 0x6B6E, 0x6B4E, 0x6B4E, 0x736E, 0x736E, 0x7B6F, 0x738F, 0x736F, 0x736E, 0x734E, 0x736F,   // 0x0550 (1360) pixels
0x6B2E, 0x734E, 0xBDF8, 0xD6BA, 0xD69A, 0xB5B7, 0x736E, 0xC618, 0xEF9E, 0xEF9E, 0xD6DB, 0x7BD0, 0x83D0, 0xCE59, 0xDF1C, 0xE75D,   // 0x0560 (1376) pixels
0xE77D, 0xE75D, 0xDF1C, 0xC639, 0x8C11, 0x5A8B, 0x6B4E, 0x6B6E, 0x6B4E, 0x6B4E, 0x6B4E, 0x6B4E, 0x6B4E, 0x6B4E, 0x6B4E, 0x734F,   // 0x0570 (1392) pixels
0x734E, 0x734E, 0x6B4D, 0x734E, 0x734E, 0x6B2E, 0x6B4E, 0x734E, 0x734E, 0x6B2D, 0x734E, 0x736E, 0x6B4E, 0x734E, 0x62CC, 0x49E9,   // 0x0580 (1408) pixels
0x41C9, 0x49E8, 0x6AEC, 0x6B0E, 0x6B0E, 0x734E, 0x6B4E, 0x6B2E, 0x6B4E, 0x6B2D, 0x6B2E, 0x732E, 0x6B2E, 0x62AC, 0x7BAF, 0xFFFF,   // 0x0590 (1424) pixels
0xFFFF, 0xFFFF, 0xF7BE, 0x9472, 0xEF7D, 0xFFFF, 0xFFFF, 0xD69A, 0xBE18, 0xFFFF, 0xFFFF, 0xFFFF, 0xFFFF, 0xFFFF, 0xFFFF, 0xB597,   // 0x05A0 (1440) pixels
0x9473, 0xFFFF, 0xFFFF, 0xFFFF, 0xFFFF, 0xFFFF, 0xFFFF, 0xF7BE, 0x7B8F, 0x522A, 0x5AAB, 0xCE9A, 0xFFFF, 0xFFFF, 0xFFFF, 0xFFFF,   // 0x05B0 (1456) pixels
0xFFFF, 0xFFFF, 0xFFFF, 0xFFFF, 0xF7BE, 0x738F, 0x62ED, 0xEF9E, 0xFFFF, 0xFFFF, 0xF7DF, 0xC619, 0xF79E, 0xFFFF, 0xFFFF, 0xFFFF,   // 0x05C0 (1472) pixels
0xFFFF, 0xFFFF, 0xFFFF, 0x8C11, 0x5AAC, 0x6B4E, 0x734E, 0x734E, 0x7B6F, 0x734E, 0x736E, 0x736E, 0x736F, 0x736F, 0x736F, 0x734E,   // 0x05D0 (1488) pixels
0x6B0D, 0x736F, 0xF79E, 0xFFFF, 0xFFFF, 0xEF5D, 0xDEFB, 0xFFFF, 0xFFFF, 0xFFFF, 0xFFFF, 0xE75D, 0xEF9E, 0xFFFF, 0xFFFF, 0xFFFF,   // 0x05E0 (1504) pixels
0xFFFF, 0xFFFF, 0xFFFF, 0xFFFF, 0xFFFF, 0x9CF4, 0x5A8C, 0x6B4E, 0x6B2E, 0x6B4E, 0x6B4E, 0x6B4F, 0x734F, 0x6B2E, 0x6B4E, 0x736F,   // 0x05F0 (1520) pixels
0x734E, 0x6B2D, 0x6B2E, 0x736E, 0x734E, 0x6B4E, 0x6B4E, 0x736E, 0x6B4E, 0x6B2D, 0x6B6E, 0x6B6F, 0x736E, 0x736E, 0x62CC, 0x49E8,   // 0x0600 (1536) pixels
0x4A09, 0x41E8, 0x62EC, 0x6B0D, 0x6B2E, 0x732E, 0x734E, 0x732E, 0x6B2D, 0x632D, 0x6B0D, 0x6B0D, 0x6B2D, 0x5ACC, 0x7B8F, 0xF7DF,   // 0x0610 (1552) pixels
0xFFFF, 0xFFFF, 0xEF9E, 0x8C52, 0xE75D, 0xFFFF, 0xF7FF, 0xFFFF, 0xFFFF, 0xFFFF, 0xFFFF, 0xFFFF, 0xFFFF, 0xF7FF, 0xFFFF, 0xFFFF,   // 0x0620 (1568) pixels
0xFFFF, 0xFFFF, 0xFFFF, 0xFFFF, 0xFFFF, 0xF7FF, 0xF7FF, 0xFFFF, 0xD67A, 0x41A8, 0xAD76, 0xFFFF, 0xFFFF, 0xFFFF, 0xFFFF, 0xFFFF,   // 0x0630 (1584) pixels
0xFFFF, 0xFFFF, 0xF7FF, 0xF7FF, 0xFFFF, 0xCE59, 0x62CC, 0xE77D, 0xFFFF, 0xF7FF, 0xF7FF, 0xFFFF, 0xFFFF, 0xFFFF, 0xFFFF, 0xFFFF,   // 0x0640 (1600) pixels
0xF7FF, 0xF7FF, 0xFFFF, 0xE6FC, 0x6B0D, 0x732E, 0x734E, 0x6B4E, 0x736E, 0x736E, 0x736F, 0x736E, 0x736E, 0x734E, 0x736F, 0x736F,   // 0x0650 (1616) pixels
0x6B0D, 0x736E, 0xEF7E, 0xFFFF, 0xF7FF, 0xFFFF, 0xFFFF, 0xFFFF, 0xFFFF, 0xFFFF, 0xF7FF, 0xFFFF, 0xFFFF, 0xF7FF, 0xFFFF, 0xFFFF,   // 0x0660 (1632) pixels
0xFFFF, 0xFFFF, 0xFFFF, 0xF7FF, 0xFFFF, 0xFFFF, 0x83D1, 0x62AC, 0x6B4E, 0x6B4E, 0x6B2E, 0x6B2E, 0x6B4E, 0x6B4E, 0x6B6E, 0x6B4E,   // 0x0670 (1648) pixels
0x6B2D, 0x6B2D, 0x6B4E, 0x6B2E, 0x6B4E, 0x6B4E, 0x6B4E, 0x6B4E, 0x6B4E, 0x734E, 0x736F, 0x6B4E, 0x6B4F, 0x6B4F, 0x62CC, 0x522A,   // 0x0680 (1664) pixels
0x4A2A, 0x49E8, 0x62EC, 0x6B2D, 0x6AED, 0x6AED, 0x6B2D, 0x6B4D, 0x6B2E, 0x6B0D, 0x630D, 0x6B0D, 0x6B0D, 0x5AAB, 0x738F, 0xF7FF,   // 0x0690 (1680) pixels
0xFFFF, 0xFFFF, 0xEFBE, 0x8C72, 0xE75D, 0xFFFF, 0xF7FF, 0xFFFF, 0xFFFF, 0xC618, 0x8C52, 0xAD55, 0xF7DF, 0xFFFF, 0xF7FF, 0xFFFF,   // 0x06A0 (1696) pixels
0xFFFF, 0xEF9E, 0x9CF4, 0x8431, 0xD6BB, 0xFFFF, 0xF7FF, 0xFFFF, 0xE73C, 0x8C31, 0xF7BE, 0xFFFF, 0xFFFF, 0xFFFF, 0xB5D7, 0x8C52,   // 0x06B0 (1712) pixels
0x9493, 0xCE79, 0xFFFF, 0xFFFF, 0xFFFF, 0xEF7D, 0x7B8F, 0xDF1C, 0xFFFF, 0xF7FF, 0xFFFF, 0xFFFF, 0xD6DB, 0x94B3, 0x8C52, 0xCE9A,   // 0x06C0 (1728) pixels
0xFFFF, 0xF7FF, 0xFFFF, 0xFFFF, 0x8C31, 0x62EC, 0x734E, 0x6B4E, 0x736E, 0x7B8E, 0x736F, 0x734F, 0x6B4E, 0x6B4E, 0x736E, 0x736E,   // 0x06D0 (1744) pixels
0x6B0D, 0x736F, 0xEF9E, 0xFFFF, 0xF7FF, 0xF7FF, 0xFFFF, 0xF7BE, 0xD6DB, 0xEF9E, 0xFFFF, 0xFFFF, 0xFFFF, 0xFFFF, 0xD6BB, 0x9493,   // 0x06E0 (1760) pixels
0x9472, 0xB596, 0xF7DF, 0xFFFF, 0xF7FF, 0xFFFF, 0xA4F4, 0x524B, 0x6B2E, 0x732E, 0x6B4E, 0x6B4E, 0x6B4E, 0x734E, 0x734E, 0x734E,   // 0x06F0 (1776) pixels
0x6B4E, 0x6B4E, 0x6B4E, 0x6B0D, 0x6B2E, 0x6B4E, 0x6B6E, 0x6B4E, 0x6B4E, 0x6B6E, 0x736F, 0x734E, 0x6B2E, 0x736F, 0x62CC, 0x49E9,   // 0x0700 (1792) pixels
0x4A2A, 0x49E9, 0x62ED, 0x6B2D, 0x6AEC, 0x630D, 0x6B2E, 0x6B2E, 0x734E, 0x734E, 0x6B2D, 0x6B0D, 0x6B0D, 0x5A8B, 0x7B8F, 0xF7FF,   // 0x0710 (1808) pixels
0xFFFF, 0xFFFF, 0xEFBE, 0x8C72, 0xE77D, 0xFFFF, 0xF7FF, 0xFFFF, 0xBDF8, 0x4A0A, 0x526B, 0x49E9, 0xBDF8, 0xFFFF, 0xF7FF, 0xFFFF,   // 0x0720 (1824) pixels
0xFFFF, 0x8411, 0x39A8, 0x41A8, 0x736E, 0xFFFF, 0xFFFF, 0xFFFF, 0xF7DF, 0xAD55, 0xCE7A, 0xE73C, 0xFFFF, 0xBE18, 0x41C8, 0x4A09,   // 0x0730 (1840) pixels
0x3987, 0x41E9, 0xE77D, 0xFFFF, 0xFFFF, 0xF7FF, 0x8C52, 0xDEFB, 0xFFFF, 0xF7FF, 0xFFFF, 0xDF1C, 0x5AAC, 0x522A, 0x4A09, 0x62ED,   // 0x0740 (1856) pixels
0xEF9E, 0xFFFF, 0xFFFF, 0xFFFF, 0x9CF4, 0x5A8C, 0x734E, 0x734E, 0x736F, 0x736F, 0x736F, 0x736E, 0x734E, 0x736E, 0x736E, 0x734E,   // 0x0750 (1872) pixels
0x6B0D, 0x736F, 0xEF9E, 0xFFFF, 0xF7FF, 0xFFFF, 0xF7DF, 0x83F1, 0x524A, 0x7B8F, 0xCE9A, 0xE73C, 0xF7FF, 0xE77D, 0x62CC, 0x41E9,   // 0x0760 (1888) pixels
0x49E8, 0x3105, 0xBE18, 0xFFFF, 0xF7FF, 0xFFFF, 0xB576, 0x5A6B, 0x732E, 0x734E, 0x736E, 0x6B4E, 0x6B2E, 0x736F, 0x734E, 0x734E,   // 0x0770 (1904) pixels
0x6B4E, 0x6B4E, 0x6B4E, 0x6B4E, 0x734E, 0x6B4E, 0x6B4E, 0x6B6E, 0x736E, 0x734E, 0x736E, 0x736E, 0x734E, 0x736E, 0x62AB, 0x4A09,   // 0x0780 (1920) pixels
0x4209, 0x49E9, 0x6AEC, 0x6B0D, 0x6B0D, 0x6B0D, 0x6B2E, 0x6B4E, 0x6B4E, 0x732E, 0x732E, 0x6B2D, 0x6B2D, 0x62AC, 0x7B8F, 0xF7FF,   // 0x0790 (1936) pixels
0xFFFF, 0xFFFF, 0xEF9E, 0x8C72, 0xE77D, 0xFFFF, 0xFFFF, 0xFFFF, 0x8C52, 0x5A8B, 0x736F, 0x528B, 0xAD76, 0xFFFF, 0xF7FF, 0xFFFF,   // 0x07A0 (1952) pixels
0xDF1C, 0x62EC, 0x6B2D, 0x6B0D, 0x6B0D, 0xE75D, 0xFFFF, 0xFFFF, 0xFFFF, 0x8C72, 0x4A09, 0x62AC, 0x62AC, 0x524A, 0x62EC, 0x7BAF,   // 0x07B0 (1968) pixels
0x8C51, 0xAD56, 0xF7BF, 0xFFFF, 0xFFFF, 0xFFFF, 0x9493, 0xD6DB, 0xFFFF, 0xFFFF, 0xFFFF, 0x9CF4, 0x4A4B, 0x736E, 0x734E, 0x628C,   // 0x07C0 (1984) pixels
0xCE9A, 0xFFFF, 0xFFFF, 0xFFFF, 0xAD35, 0x5A6B, 0x6B4E, 0x734E, 0x62EC, 0x5A8B, 0x62AC, 0x62CC, 0x5A8B, 0x628B, 0x6AED, 0x734E,   // 0x07D0 (2000) pixels
0x6B0D, 0x6B6E, 0xEF7E, 0xFFFF, 0xF7FF, 0xFFFF, 0xBDB7, 0x522A, 0x734E, 0x6AED, 0x62CC, 0x62EC, 0x62EC, 0x528B, 0x5AAB, 0x734E,   // 0x07E0 (2016) pixels
0x83F0, 0x9CD3, 0xE73C, 0xFFFF, 0xF7FF, 0xFFFF, 0xB5B7, 0x5A8B, 0x6B4E, 0x734E, 0x7B4E, 0x732E, 0x6B2E, 0x734E, 0x6B4E, 0x734E,   // 0x07F0 (2032) pixels
0x732E, 0x6B4E, 0x6B4E, 0x6B4E, 0x6B4E, 0x732E, 0x732E, 0x734E, 0x734E, 0x734E, 0x734E, 0x734E, 0x7B4E, 0x734E, 0x62AC, 0x49C8,   // 0x0800 (2048) pixels
0x4A09, 0x4A09, 0x6AEC, 0x6B0D, 0x6B0D, 0x6AED, 0x630D, 0x6B4E, 0x6B4E, 0x6B4E, 0x6B2E, 0x6B2E, 0x6B4E, 0x62EC, 0x7B8F, 0xF7DF,   // 0x0810 (2064) pixels
0xFFFF, 0xFFFF, 0xEFBE, 0x8C72, 0xE75D, 0xFFFF, 0xFFFF, 0xFFFF, 0x8431, 0x62ED, 0x736E, 0x5A8B, 0xAD76, 0xFFFF, 0xFFFF, 0xFFFF,   // 0x0820 (2080) pixels
0xD69A, 0x6ACC, 0x734E, 0x630D, 0x6B0D, 0xE73C, 0xFFFF, 0xFFFF, 0xFFFF, 0x9493, 0x41C8, 0x5AAC, 0x8C52, 0xC639, 0xE73D, 0xF7DF,   // 0x0830 (2096) pixels
0xFFFF, 0xFFFF, 0xFFFF, 0xF7FF, 0xFFFF, 0xFFFF, 0x9472, 0xD6DB, 0xFFFF, 0xFFFF, 0xFFFF, 0x8C72, 0x5A8B, 0x6B4E, 0x6B4E, 0x62AC,   // 0x0840 (2112) pixels
0xCE7A, 0xFFFF, 0xFFFF, 0xFFFF, 0xAD56, 0x5A8B, 0x5A8C, 0x62EC, 0x8C31, 0xAD55, 0xBDF7, 0xBDF8, 0xB597, 0x9CD4, 0x7BAF, 0x5AAB,   // 0x0850 (2128) pixels
0x62CC, 0x736E, 0xEF7D, 0xFFFF, 0xFFFF, 0xFFFF, 0xA4D4, 0x5A6B, 0x736E, 0x7BAF, 0x62ED, 0x526B, 0x83F0, 0xB5B7, 0xDEFB, 0xEF9E,   // 0x0860 (2144) pixels
0xFFFF, 0xFFFF, 0xFFFF, 0xF7FF, 0xF7FF, 0xFFFF, 0xB597, 0x526B, 0x6B4E, 0x6B4E, 0x736E, 0x734E, 0x6B4E, 0x6B4E, 0x6B4E, 0x6B2E,   // 0x0870 (2160) pixels
0x6B4E, 0x6B4E, 0x6B4E, 0x734E, 0x736E, 0x6B4E, 0x734E, 0x732E, 0x732E, 0x6B2E, 0x6B4E, 0x6B4E, 0x736E, 0x7B6F, 0x5A6B, 0x49C8,   // 0x0880 (2176) pixels
0x4A4A, 0x4A29, 0x6AEC, 0x730E, 0x6B0D, 0x6AED, 0x630D, 0x732D, 0x734E, 0x736E, 0x6B4D, 0x6B4E, 0x6B2D, 0x62EC, 0x7BD0, 0xF7FF,   // 0x0890 (2192) pixels
0xFFFF, 0xFFFF, 0xEFBE, 0x8C72, 0xE75D, 0xFFFF, 0xFFFF, 0xFFFF, 0x8411, 0x62CC, 0x736E, 0x5A8B, 0xAD76, 0xFFFF, 0xFFFF, 0xFFFF,   // 0x08A0 (2208) pixels
0xCE59, 0x62AC, 0x734E, 0x630D, 0x6B2D, 0xE75D, 0xFFFF, 0xFFFF, 0xFFFF, 0x83F0, 0x734E, 0xEFBE, 0xFFFF, 0xFFFF, 0xFFFF, 0xFFFF,   // 0x08B0 (2224) pixels
0xFFFF, 0xFFFF, 0xF7FF, 0xF7FF, 0xFFFF, 0xF7FF, 0x8C52, 0xD6FB, 0xFFFF, 0xFFFF, 0xFFFF, 0x9472, 0x5AAC, 0x734E, 0x6B2E, 0x62CC,   // 0x08C0 (2240) pixels
0xD6BB, 0xFFFF, 0xFFFF, 0xFFFF, 0xAD76, 0x41C8, 0x83D0, 0xE75D, 0xFFFF, 0xFFFF, 0xFFFF, 0xFFFF, 0xFFFF, 0xFFFF, 0xFFFF, 0xBDD7,   // 0x08D0 (2256) pixels
0x526B, 0x6B2E, 0xEF9E, 0xFFFF, 0xFFFF, 0xFFFF, 0x9493, 0x5A6B, 0x734E, 0x62CC, 0x6B0D, 0xD6BB, 0xFFFF, 0xFFFF, 0xFFFF, 0xFFFF,   // 0x08E0 (2272) pixels
0xFFFF, 0xFFFF, 0xFFFF, 0xF7FF, 0xF7FF, 0xFFFF, 0xB597, 0x528B, 0x6B4E, 0x6B4E, 0x736E, 0x6B4E, 0x6B4E, 0x6B4E, 0x6B4E, 0x6B0E,   // 0x08F0 (2288) pixels
0x734E, 0x734E, 0x6B2E, 0x736E, 0x734E, 0x734E, 0x6B4E, 0x6B2E, 0x6B4E, 0x6B2E, 0x6B2E, 0x734F, 0x736F, 0x734F, 0x62CC, 0x4A09,   // 0x0900 (2304) pixels
0x4A2A, 0x41E8, 0x62ED, 0x6B2E, 0x6B2E, 0x6B0D, 0x6B0D, 0x6B4E, 0x736E, 0x732E, 0x6B2D, 0x6B6E, 0x734E, 0x5ACC, 0x7BD0, 0xF7FF,   // 0x0910 (2320) pixels
0xFFFF, 0xFFFF, 0xEF9E, 0x9472, 0xE77D, 0xFFFF, 0xFFFF, 0xFFFF, 0x83F0, 0x62CC, 0x736E, 0x5A8B, 0xAD76, 0xFFFF, 0xFFFF, 0xFFFF,   // 0x0920 (2336) pixels
0xC659, 0x5ACC, 0x6B4E, 0x630C, 0x6B2D, 0xE75D, 0xFFFF, 0xFFFF, 0xF7FF, 0xA515, 0xE73C, 0xFFFF, 0xFFFF, 0xFFFF, 0xF7DF, 0xCE7A,   // 0x0930 (2352) pixels
0xA555, 0x8C32, 0xDF3C, 0xFFFF, 0xFFFF, 0xF7FF, 0x9452, 0xDEFB, 0xFFFF, 0xFFFF, 0xFFFF, 0x9472, 0x5AAC, 0x734E, 0x6B2D, 0x630D,   // 0x0940 (2368) pixels
0xDEFC, 0xFFFF, 0xF7FF, 0xFFFF, 0xA515, 0x62EC, 0xFFDF, 0xFFFF, 0xFFFF, 0xFFFF, 0xFFFF, 0xFFFF, 0xFFFF, 0xFFFF, 0xFFFF, 0xFFFF,   // 0x0950 (2384) pixels
0xB5D7, 0x62CC, 0xEF7D, 0xFFFF, 0xFFFF, 0xFFFF, 0x9493, 0x5AAC, 0x6B0D, 0x62AC, 0xCE9A, 0xFFFF, 0xFFFF, 0xFFFF, 0xFFFF, 0xDEFB,   // 0x0960 (2400) pixels
0xB5B7, 0x8411, 0xC659, 0xFFFF, 0xF7FF, 0xFFFF, 0xB576, 0x5A8B, 0x734F, 0x736F, 0x6B6E, 0x6B4E, 0x6B4E, 0x734E, 0x734E, 0x732D,   // 0x0970 (2416) pixels
0x734E, 0x6B4E, 0x6B4E, 0x6B6F, 0x734E, 0x734E, 0x736E, 0x732E, 0x6B2E, 0x6B2E, 0x6B2E, 0x6B4F, 0x6B6F, 0x734E, 0x62EC, 0x528B,   // 0x0980 (2432) pixels
0x4A2A, 0x49E9, 0x62ED, 0x6B0D, 0x732D, 0x6B2E, 0x6B2D, 0x734E, 0x732E, 0x6B2E, 0x6B4E, 0x6B4E, 0x736E, 0x62CD, 0x7BAF, 0xF7FF,   // 0x0990 (2448) pixels
0xFFFF, 0xFFFF, 0xEF9E, 0x8C52, 0xE75D, 0xFFFF, 0xFFFF, 0xFFFF, 0x8C10, 0x62EC, 0x6B4E, 0x5A8B, 0xB576, 0xFFFF, 0xFFFF, 0xFFFF,   // 0x09A0 (2464) pixels
0xC659, 0x62AC, 0x734E, 0x6B0D, 0x6B2D, 0xE75D, 0xFFFF, 0xFFFF, 0xEF9E, 0xD6BB, 0xFFFF, 0xF7FF, 0xFFFF, 0xD6FB, 0x736F, 0x5A6B,   // 0x09B0 (2480) pixels
0x4A2A, 0x524A, 0xDF1C, 0xFFFF, 0xFFFF, 0xF7FF, 0x8C31, 0xDEFB, 0xFFFF, 0xFFFF, 0xFFFF, 0x8C72, 0x5AAB, 0x6B4E, 0x6B2E, 0x6B0D,   // 0x09C0 (2496) pixels
0xDEFC, 0xFFFF, 0xF7FF, 0xFFFF, 0xAD55, 0xBDD7, 0xFFFF, 0xF7FF, 0xFFFF, 0xEFBE, 0xC659, 0xCE79, 0xF7BE, 0xFFFF, 0xF7FF, 0xFFFF,   // 0x09D0 (2512) pixels
0xEF3D, 0x7B8F, 0xE77D, 0xFFFF, 0xFFFF, 0xFFFF, 0x9CB3, 0x5AAB, 0x5A8C, 0x9473, 0xFFFF, 0xFFFF, 0xFFFF, 0xF7DF, 0x8C72, 0x5AAB,   // 0x09E0 (2528) pixels
0x524A, 0x3988, 0xBDD8, 0xFFFF, 0xFFFF, 0xFFFF, 0xAD96, 0x526B, 0x734E, 0x736E, 0x6B4E, 0x6B4E, 0x734E, 0x732E, 0x6B2E, 0x734E,   // 0x09F0 (2544) pixels
0x736E, 0x734E, 0x734F, 0x6B4F, 0x6B4E, 0x6B4E, 0x6B4E, 0x732E, 0x732E, 0x6B4E, 0x6B4E, 0x6B2E, 0x736E, 0x7B6E, 0x62AC, 0x5A8C,   // 0x0A00 (2560) pixels
0x4A2A, 0x4A09, 0x62ED, 0x6B0D, 0x6B0D, 0x6B2E, 0x6B2D, 0x732D, 0x734E, 0x6B4E, 0x6B4E, 0x6B4E, 0x6B4E, 0x6AED, 0x83D0, 0xF7FF,   // 0x0A10 (2576) pixels
0xFFFF, 0xFFFF, 0xEF9E, 0x8C52, 0xE75D, 0xFFFF, 0xFFFF, 0xFFFF, 0x8411, 0x62EC, 0x6B4E, 0x528B, 0xB576, 0xFFFF, 0xFFFF, 0xFFFF,   // 0x0A20 (2592) pixels
0xCE59, 0x62AC, 0x732E, 0x730D, 0x6B0D, 0xDF3C, 0xFFFF, 0xFFFF, 0xEFBE, 0xEF7E, 0xFFFF, 0xFFFF, 0xFFFF, 0x8C72, 0x3988, 0x732E,   // 0x0A30 (2608) pixels
0x522A, 0x7BAF, 0xFFFF, 0xFFFF, 0xFFFF, 0xF7DF, 0x8431, 0xD6FB, 0xFFFF, 0xFFFF, 0xFFFF, 0x8C52, 0x5AAC, 0x736E, 0x732E, 0x62EC,   // 0x0A40 (2624) pixels
0xD6BA, 0xFFFF, 0xF7FF, 0xFFFF, 0xC659, 0xE71C, 0xFFFF, 0xFFFF, 0xFFFF, 0x83F1, 0x526B, 0x5A4B, 0x736F, 0xEFBE, 0xFFFF, 0xFFFF,   // 0x0A50 (2640) pixels
0xF7BE, 0xD6BB, 0xF7FF, 0xFFFF, 0xFFFF, 0xFFFF, 0x9452, 0x62AC, 0x526B, 0xAD55, 0xFFFF, 0xF7FF, 0xFFFF, 0xCE7A, 0x3988, 0x62ED,   // 0x0A60 (2656) pixels
0x5A8B, 0x524B, 0xDF1C, 0xFFFF, 0xFFFF, 0xFFFF, 0xAD76, 0x5A8B, 0x734E, 0x6B2E, 0x6B2D, 0x734E, 0x734E, 0x6B2D, 0x6B2D, 0x6B4E,   // 0x0A70 (2672) pixels
0x6B4E, 0x6B4F, 0x734F, 0x734E, 0x6B4E, 0x734E, 0x6B2D, 0x6B4E, 0x734E, 0x6B2E, 0x6B2E, 0x732E, 0x736E, 0x734E, 0x628C, 0x5A6B,   // 0x0A80 (2688) pixels
0x4A2A, 0x4A09, 0x62CD, 0x6B0D, 0x630D, 0x6B2D, 0x630D, 0x630D, 0x6B6E, 0x6B4E, 0x6B4E, 0x734E, 0x736E, 0x62ED, 0x83D0, 0xF7FF,   // 0x0A90 (2704) pixels
0xFFFF, 0xFFFF, 0xEF9E, 0x8C72, 0xE77D, 0xFFFF, 0xFFFF, 0xFFFF, 0x83F0, 0x62CC, 0x736E, 0x5A8C, 0xAD76, 0xFFFF, 0xFFFF, 0xFFFF,   // 0x0AA0 (2720) pixels
0xCE59, 0x5ACC, 0x6B2E, 0x6B0D, 0x732E, 0xE75D, 0xFFFF, 0xFFFF, 0xEFBE, 0xE75D, 0xFFFF, 0xF7FF, 0xFFFF, 0xDF1C, 0x7B6F, 0x62CC,   // 0x0AB0 (2736) pixels
0x8411, 0xDF1C, 0xFFFF, 0xF7FF, 0xFFFF, 0xFFFF, 0x9472, 0xD6FB, 0xFFFF, 0xFFFF, 0xFFFF, 0x9472, 0x62AC, 0x734E, 0x734E, 0x5A8B,   // 0x0AC0 (2752) pixels
0xBDD7, 0xFFFF, 0xF7FF, 0xFFFF, 0xE73C, 0x7BAF, 0x9493, 0xBDF8, 0x8C31, 0x41A8, 0x5A6B, 0x5A8B, 0x6AED, 0xDF1C, 0xFFFF, 0xF7FF,   // 0x0AD0 (2768) pixels
0xFFFF, 0xFFFF, 0xFFFF, 0xF7FF, 0xFFFF, 0xEF5D, 0x734E, 0x6B0D, 0x5A8B, 0xAD35, 0xFFFF, 0xF7FF, 0xFFFF, 0xF7FF, 0x9452, 0x5A8B,   // 0x0AE0 (2784) pixels
0x6B4E, 0xBDF8, 0xFFFF, 0xFFFF, 0xF7FF, 0xFFFF, 0xB596, 0x526B, 0x6B4E, 0x6B4E, 0x6B2E, 0x6B4E, 0x6B4E, 0x6B2E, 0x6B6E, 0x6B4E,   // 0x0AF0 (2800) pixels
0x6B0E, 0x6B2E, 0x6B4E, 0x6B4E, 0x6B4E, 0x732E, 0x734F, 0x736F, 0x6B4E, 0x6B2D, 0x6B2E, 0x6B2E, 0x734E, 0x734E, 0x628C, 0x5A6B,   // 0x0B00 (2816) pixels
0x4A2A, 0x5229, 0x62CC, 0x6B2E, 0x6B2D, 0x6B0D, 0x62EC, 0x62ED, 0x6B0D, 0x734E, 0x734E, 0x734E, 0x6B6E, 0x62EC, 0x7BD0, 0xF7FF,   // 0x0B10 (2832) pixels
0xFFFF, 0xFFFF, 0xEF9E, 0x9492, 0xE77D, 0xFFFF, 0xFFFF, 0xFFFF, 0x8410, 0x62EC, 0x736E, 0x5A8B, 0xAD76, 0xFFFF, 0xFFFF, 0xFFFF,   // 0x0B20 (2848) pixels
0xC659, 0x5ACC, 0x6B4E, 0x6B0D, 0x6B4E, 0xE75D, 0xFFFF, 0xFFFF, 0xEFBE, 0xCE39, 0xFFFF, 0xFFFF, 0xF7FF, 0xFFFF, 0xF7BE, 0xDF3C,   // 0x0B30 (2864) pixels
0xFFFF, 0xFFFF, 0xFFFF, 0xF7FF, 0xFFFF, 0xFFFF, 0x9CB4, 0xD6BB, 0xFFFF, 0xFFFF, 0xFFFF, 0x9472, 0x62AB, 0x6B4E, 0x6B4E, 0x5A8B,   // 0x0B40 (2880) pixels
0x9C93, 0xFFFF, 0xFFFF, 0xFFFF, 0xFFFF, 0xA515, 0x41A8, 0x49C9, 0x6B4E, 0x9CF4, 0xB596, 0xCE7A, 0xF7DF, 0xFFFF, 0xF7FF, 0xF7FF,   // 0x0B50 (2896) pixels
0xF7FF, 0xFFFF, 0xFFFF, 0xFFFF, 0xFFFF, 0x9472, 0x62AB, 0x734E, 0x62AC, 0x8411, 0xFFFF, 0xFFFF, 0xF7FF, 0xFFFF, 0xFFFF, 0xDF1C,   // 0x0B60 (2912) pixels
0xEFBE, 0xFFFF, 0xFFFF, 0xFFFF, 0xF7FF, 0xFFFF, 0xBDD7, 0x524A, 0x6B4E, 0x6B4E, 0x6B4F, 0x736E, 0x6B6E, 0x6B4E, 0x6B4E, 0x6B4E,   // 0x0B70 (2928) pixels
0x734E, 0x734E, 0x6B2E, 0x6B2E, 0x736E, 0x734E, 0x6B4E, 0x6B6E, 0x6B4E, 0x6B2E, 0x6B2E, 0x6B4E, 0x6B2E, 0x6B4E, 0x62AC, 0x5A4B,   // 0x0B80 (2944) pixels
0x4A4A, 0x4A08, 0x6ACC, 0x734E, 0x6B2E, 0x6B2D, 0x6B0D, 0x6B0D, 0x6B0D, 0x734E, 0x734E, 0x734E, 0x734E, 0x62EC, 0x83D0, 0xFFFF,   // 0x0B90 (2960) pixels
0xFFFF, 0xFFFF, 0xF7BE, 0x9493, 0xEF5D, 0xFFFF, 0xFFFF, 0xFFFF, 0x8431, 0x6AED, 0x734F, 0x526B, 0xB596, 0xFFFF, 0xFFFF, 0xFFFF,   // 0x0BA0 (2976) pixels
0xCE7A, 0x5AAB, 0x6B4E, 0x6B2D, 0x734E, 0xEF5D, 0xFFFF, 0xFFFF, 0xFFFF, 0x9472, 0xC639, 0xFFFF, 0xFFFF, 0xFFFF, 0xFFFF, 0xFFFF,   // 0x0BB0 (2992) pixels
0xFFFF, 0xEF9E, 0xDF1C, 0xFFFF, 0xFFFF, 0xFFFF, 0xC5F8, 0xDEBB, 0xFFFF, 0xFFFF, 0xFFFF, 0x9492, 0x5A8C, 0x734E, 0x734E, 0x6B0D,   // 0x0BC0 (3008) pixels
0x62ED, 0xDEDB, 0xFFFF, 0xF7FF, 0xFFFF, 0xFFFF, 0xDEFB, 0xD6BB, 0xFFFF, 0xFFFF, 0xFFFF, 0xFFFF, 0xFFFF, 0xFFFF, 0xF7FF, 0xF7FF,   // 0x0BD0 (3024) pixels
0xF7FF, 0xF7FF, 0xF7DF, 0xDEDB, 0x8C11, 0x628B, 0x736E, 0x734E, 0x734E, 0x526B, 0xAD76, 0xFFFF, 0xFFFF, 0xFFFF, 0xFFFF, 0xFFFF,   // 0x0BE0 (3040) pixels
0xFFFF, 0xFFFF, 0xDEFC, 0xF7BE, 0xFFFF, 0xFFFF, 0xE71C, 0x6B0D, 0x6B2E, 0x6B6E, 0x734E, 0x736E, 0x6B6F, 0x6B4E, 0x732E, 0x734E,   // 0x0BF0 (3056) pixels
0x6B6E, 0x6B4E, 0x734E, 0x734E, 0x6B6E, 0x734E, 0x6B4E, 0x736E, 0x734E, 0x6B2E, 0x6B2E, 0x734E, 0x6B2D, 0x6B0D, 0x5A8B, 0x524A,   // 0x0C00 (3072) pixels
0x4A4A, 0x4A29, 0x62EC, 0x734E, 0x6B2D, 0x6B0D, 0x6B2D, 0x6B4E, 0x6B2E, 0x6B4E, 0x734D, 0x7B4E, 0x7B4E, 0x6B0D, 0x7BAF, 0xE73D,   // 0x0C10 (3088) pixels
0xEFBE, 0xEF9E, 0xDF1C, 0x8C32, 0xD6DB, 0xEF9E, 0xEF9E, 0xE75D, 0x83F1, 0x6AED, 0x734F, 0x62AC, 0xA515, 0xF7FF, 0xE77D, 0xFFFF,   // 0x0C20 (3104) pixels
0xBDF7, 0x5ACC, 0x736E, 0x732D, 0x732E, 0xD6BB, 0xF7FF, 0xEF9E, 0xF7DF, 0x7BD0, 0x526A, 0xC639, 0xF7FF, 0xFFFF, 0xFFFF, 0xFFFF,   // 0x0C30 (3120) pixels
0xDF1C, 0x7BAF, 0x7BAF, 0xF7BF, 0xEF9E, 0xF7BF, 0xD6BB, 0xD69A, 0xEFBE, 0xEF9E, 0xEFBE, 0x8C31, 0x62AC, 0x734E, 0x734E, 0x6B6E,   // 0x0C40 (3136) pixels
0x5A8B, 0x7BB0, 0xFFFF, 0xFFFF, 0xFFFF, 0xFFFF, 0xFFFF, 0xFFFF, 0xFFFF, 0xFFFF, 0xFFFF, 0xEFBE, 0xCE7A, 0xE75D, 0xFFFF, 0xFFFF,   // 0x0C50 (3152) pixels
0xFFFF, 0x9CD4, 0x62CC, 0x62AB, 0x5AAC, 0x734E, 0x734E, 0x6B4E, 0x736F, 0x6B2D, 0x5A8B, 0xA4F4, 0xEFBE, 0xFFFF, 0xFFFF, 0xFFFF,   // 0x0C60 (3168) pixels
0xEF9E, 0x9CF4, 0x5A8B, 0xCE9A, 0xF7FF, 0xEF9E, 0xEFBE, 0x8431, 0x62CC, 0x734E, 0x734E, 0x6B4E, 0x6B4E, 0x6B4E, 0x734E, 0x734E,   // 0x0C70 (3184) pixels
0x6B6E, 0x6B6E, 0x736E, 0x6B4E, 0x6B4E, 0x732E, 0x734E, 0x734E, 0x6B4E, 0x6B4E, 0x734E, 0x7B4E, 0x734E, 0x6AEC, 0x5A6B, 0x526B,   // 0x0C80 (3200) pixels
0x522A, 0x5229, 0x62EC, 0x6B0D, 0x6B2E, 0x6B2D, 0x6B2E, 0x6B4E, 0x734E, 0x734E, 0x6B4D, 0x734E, 0x734E, 0x736E, 0x6B4E, 0x732E,   // 0x0C90 (3216) pixels
0x7B4E, 0x734E, 0x734E, 0x734E, 0x734E, 0x734E, 0x734E, 0x6B2D, 0x6B4E, 0x7B6E, 0x734E, 0x736E, 0x734D, 0x6B2D, 0x6B2E, 0x734E,   // 0x0CA0 (3232) pixels
0x732E, 0x6B4E, 0x734E, 0x734E, 0x734E, 0x734E, 0x6B4E, 0x6B4E, 0x6B4E, 0x734E, 0x62ED, 0x5A8B, 0x738F, 0x8C32, 0x9452, 0x83D0,   // 0x0CB0 (3248) pixels
0x62CC, 0x62CC, 0x6B2E, 0x6B4E, 0x6B4E, 0x734E, 0x736E, 0x6B4E, 0x734E, 0x736E, 0x734E, 0x734D, 0x734E, 0x6B4E, 0x734E, 0x734E,   // 0x0CC0 (3264) pixels
0x736E, 0x5A8B, 0x83B0, 0xE75D, 0xFFFF, 0xF7FF, 0xF7FF, 0xFFFF, 0xFFFF, 0xC639, 0x8C31, 0x6B6E, 0x4A2A, 0xCE7A, 0xFFFF, 0xFFFF,   // 0x0CD0 (3280) pixels
0xFFFF, 0x8C11, 0x4A29, 0x6B2D, 0x6B4E, 0x734E, 0x734E, 0x6B6E, 0x734E, 0x734E, 0x6B2D, 0x5A6B, 0x630D, 0x8431, 0x8C52, 0x8411,   // 0x0CE0 (3296) pixels
0x630D, 0x526A, 0x6B0D, 0x6B4E, 0x736E, 0x6B4E, 0x736E, 0x736E, 0x734E, 0x732E, 0x736F, 0x6B6E, 0x6B4E, 0x732E, 0x734E, 0x6B6F,   // 0x0CF0 (3312) pixels
0x734E, 0x734E, 0x6B4E, 0x6B4E, 0x734E, 0x6B4E, 0x736E, 0x732E, 0x734E, 0x734E, 0x734E, 0x734E, 0x734E, 0x732E, 0x5A8C, 0x526B,   // 0x0D00 (3328) pixels
0x526B, 0x5209, 0x6AED, 0x6B0E, 0x6B4E, 0x734E, 0x732E, 0x6B2D, 0x736E, 0x6B4E, 0x6B4E, 0x6B6E, 0x6B4E, 0x734E, 0x734E, 0x6B2D,   // 0x0D10 (3344) pixels
0x732E, 0x6B0E, 0x6B2D, 0x734E, 0x732E, 0x6B2E, 0x6B2D, 0x630D, 0x734E, 0x7B6E, 0x734E, 0x736E, 0x734E, 0x62ED, 0x630D, 0x6AED,   // 0x0D20 (3360) pixels
0x6B2D, 0x734E, 0x734E, 0x734E, 0x7B6E, 0x6B2D, 0x6AED, 0x6AED, 0x6AED, 0x6B2D, 0x736E, 0x6B4E, 0x6B0D, 0x6ACC, 0x62AC, 0x62ED,   // 0x0D30 (3376) pixels
0x736E, 0x736E, 0x734E, 0x6B0D, 0x6B2D, 0x630D, 0x630D, 0x6B2D, 0x630D, 0x6B0D, 0x6B0D, 0x734E, 0x734E, 0x6B4E, 0x734E, 0x734E,   // 0x0D40 (3392) pixels
0x736E, 0x736E, 0x62AC, 0x522A, 0xC639, 0xFFFF, 0xF7FF, 0xFFFF, 0xBDF8, 0x41C8, 0x5A8B, 0x5ACC, 0x5AAC, 0xE73C, 0xFFFF, 0xFFFF,   // 0x0D50 (3408) pixels
0xFFFF, 0x9472, 0x5AAB, 0x6B2E, 0x732E, 0x734E, 0x734E, 0x734E, 0x6B4E, 0x6B4E, 0x734E, 0x6B4E, 0x62ED, 0x5ACC, 0x5AAC, 0x5ACC,   // 0x0D60 (3424) pixels
0x6B2D, 0x734E, 0x6B4E, 0x630E, 0x62ED, 0x6B2D, 0x630D, 0x6B2E, 0x736E, 0x6B4E, 0x6B4E, 0x734E, 0x6B4E, 0x734E, 0x734E, 0x736E,   // 0x0D70 (3440) pixels
0x734E, 0x732F, 0x736E, 0x7B4E, 0x732E, 0x6B6E, 0x6B6E, 0x6B4E, 0x734E, 0x6B2E, 0x6B2E, 0x6B4E, 0x732E, 0x730E, 0x5A8B, 0x526A,   // 0x0D80 (3456) pixels
0x4A4A, 0x522A, 0x730D, 0x732E, 0x6B0D, 0x6B0D, 0x736E, 0x6B4E, 0x6B0D, 0x6B2D, 0x6B4E, 0x734E, 0x734E, 0x6B4E, 0x6B4E, 0x6B6E,   // 0x0D90 (3472) pixels
0x7B4E, 0x734E, 0x736F, 0x736F, 0x734E, 0x736E, 0x734E, 0x734E, 0x734E, 0x6B4E, 0x6B4E, 0x6B4E, 0x736E, 0x734E, 0x736E, 0x734E,   // 0x0DA0 (3488) pixels
0x6B4E, 0x734E, 0x734E, 0x734E, 0x734E, 0x734E, 0x734E, 0x7B6E, 0x736E, 0x6B4E, 0x6B4E, 0x734E, 0x734E, 0x734E, 0x734E, 0x734E,   // 0x0DB0 (3504) pixels
0x734E, 0x736E, 0x736E, 0x7B6F, 0x736E, 0x6B4E, 0x736E, 0x6B6E, 0x734E, 0x732E, 0x6B4E, 0x6B4E, 0x734E, 0x6B4E, 0x6B4E, 0x734E,   // 0x0DC0 (3520) pixels
0x734E, 0x734E, 0x6B2D, 0x524A, 0xBDD7, 0xFFFF, 0xF7FF, 0xFFFF, 0xC659, 0x4A09, 0x4A2A, 0x4A09, 0xA4D4, 0xFFFF, 0xFFFF, 0xFFFF,   // 0x0DD0 (3536) pixels
0xFFFF, 0x8C72, 0x5A8B, 0x734E, 0x6B6E, 0x6B6E, 0x6B4E, 0x6B4E, 0x6B2D, 0x734E, 0x734E, 0x734E, 0x6B4E, 0x6B4E, 0x6B6F, 0x734E,   // 0x0DE0 (3552) pixels
0x6B4E, 0x6B2E, 0x6B0E, 0x6B4E, 0x734E, 0x734E, 0x736E, 0x6B6E, 0x6B4E, 0x734E, 0x6B4E, 0x734F, 0x6B6E, 0x6B6E, 0x6B4E, 0x734E,   // 0x0DF0 (3568) pixels
0x6B6E, 0x6B4E, 0x736E, 0x736F, 0x734E, 0x734E, 0x734E, 0x6B6E, 0x734E, 0x730E, 0x6B4E, 0x6B6E, 0x6B4E, 0x6B0D, 0x5A8B, 0x626B,   // 0x0E00 (3584) pixels
0x4A2A, 0x4A09, 0x6AED, 0x732E, 0x6B0D, 0x6AED, 0x6B2E, 0x6B2E, 0x6B2E, 0x734E, 0x734E, 0x6B2D, 0x6B2D, 0x6B4E, 0x6B4E, 0x734E,   // 0x0E10 (3600) pixels
0x734E, 0x734E, 0x736E, 0x736F, 0x736E, 0x734E, 0x736F, 0x736E, 0x6B4E, 0x6B4E, 0x6B6E, 0x6B4E, 0x734E, 0x734E, 0x736E, 0x734E,   // 0x0E20 (3616) pixels
0x6B2E, 0x734E, 0x736E, 0x6B4E, 0x732E, 0x734E, 0x736E, 0x736E, 0x736E, 0x734E, 0x6B2D, 0x6B4E, 0x6B4E, 0x734E, 0x734E, 0x734E,   // 0x0E30 (3632) pixels
0x734E, 0x6B4E, 0x736E, 0x736E, 0x734E, 0x734E, 0x736E, 0x736E, 0x732E, 0x732E, 0x6B4E, 0x6B4E, 0x734E, 0x734E, 0x6B4E, 0x734E,   // 0x0E40 (3648) pixels
0x736E, 0x6B4E, 0x732E, 0x5A8B, 0xAD55, 0xFFFF, 0xF7FF, 0xFFFF, 0xFFFF, 0xC638, 0x9493, 0xC619, 0xFFFF, 0xFFFF, 0xF7FF, 0xFFFF,   // 0x0E50 (3664) pixels
0xFFFF, 0x9472, 0x5A6A, 0x734E, 0x6B6E, 0x734E, 0x734E, 0x6B4E, 0x6B2E, 0x734E, 0x734F, 0x736F, 0x6B6E, 0x6B4E, 0x734F, 0x736F,   // 0x0E60 (3680) pixels
0x732E, 0x6B4E, 0x6B4E, 0x6B4E, 0x736E, 0x734E, 0x6B4E, 0x6B4E, 0x6B4E, 0x734E, 0x734E, 0x734E, 0x6B4E, 0x6B4E, 0x6B4E, 0x6B4E,   // 0x0E70 (3696) pixels
0x6B2E, 0x734E, 0x736E, 0x734E, 0x734E, 0x734E, 0x736E, 0x734E, 0x6B0D, 0x6B2E, 0x6B6E, 0x6B4E, 0x6B4E, 0x6B4D, 0x628B, 0x5A6B,   // 0x0E80 (3712) pixels
0x4A2A, 0x5229, 0x6AED, 0x6B0E, 0x6B2E, 0x6B2D, 0x6AED, 0x730D, 0x734E, 0x732E, 0x6B2E, 0x6B4E, 0x6B4E, 0x734E, 0x734E, 0x736E,   // 0x0E90 (3728) pixels
0x734E, 0x732E, 0x734E, 0x7B4E, 0x736E, 0x736E, 0x7B8F, 0x734E, 0x734E, 0x736E, 0x6B6E, 0x732E, 0x732E, 0x6B4E, 0x6B4E, 0x734E,   // 0x0EA0 (3744) pixels
0x734D, 0x6B4E, 0x6B2E, 0x6B2E, 0x7B4E, 0x734E, 0x736E, 0x734E, 0x734E, 0x736E, 0x6B4E, 0x6B4D, 0x6B2D, 0x736E, 0x736E, 0x734E,   // 0x0EB0 (3760) pixels
0x734E, 0x6B2E, 0x6B4E, 0x6B4E, 0x732E, 0x734E, 0x6B2E, 0x6B2E, 0x734E, 0x734E, 0x6B4E, 0x6B4E, 0x734E, 0x734E, 0x734E, 0x734E,   // 0x0EC0 (3776) pixels
0x734E, 0x6B4E, 0x736E, 0x6AED, 0x7BB0, 0xF7DF, 0xFFFF, 0xF7FF, 0xFFFF, 0xFFFF, 0xFFFF, 0xFFFF, 0xFFFF, 0xFFFF, 0xFFFF, 0xFFFF,   // 0x0ED0 (3792) pixels
0xFFFF, 0xB596, 0x526A, 0x736E, 0x734E, 0x734E, 0x732E, 0x732E, 0x6B4E, 0x734E, 0x6B4E, 0x6B4E, 0x734E, 0x734E, 0x6B4E, 0x6B4E,   // 0x0EE0 (3808) pixels
0x734E, 0x6B4E, 0x6B4E, 0x6B4E, 0x6B4E, 0x6B4E, 0x6B4E, 0x734E, 0x734E, 0x6B6E, 0x6B4E, 0x734E, 0x734E, 0x732E, 0x6B4E, 0x6B4E,   // 0x0EF0 (3824) pixels
0x6B4E, 0x734E, 0x734E, 0x734E, 0x6B6E, 0x736E, 0x734E, 0x732D, 0x6B2D, 0x6B2E, 0x734E, 0x6B4E, 0x6B4E, 0x6B4D, 0x62AB, 0x5A6B,   // 0x0F00 (3840) pixels
0x4A4A, 0x524A, 0x6B0D, 0x6B0D, 0x6B2D, 0x732D, 0x6B0C, 0x732D, 0x6B2E, 0x6B2D, 0x6B2D, 0x734E, 0x734E, 0x734E, 0x736E, 0x6B6E,   // 0x0F10 (3856) pixels
0x734E, 0x732E, 0x6B4E, 0x6B2D, 0x734E, 0x738E, 0x738F, 0x734E, 0x6B2E, 0x6B4E, 0x734E, 0x732E, 0x732E, 0x734E, 0x6B4E, 0x734D,   // 0x0F20 (3872) pixels
0x734E, 0x732E, 0x732E, 0x734E, 0x734E, 0x734E, 0x734E, 0x736E, 0x734E, 0x732E, 0x6B2E, 0x732E, 0x6B2D, 0x734E, 0x736E, 0x734E,   // 0x0F30 (3888) pixels
0x6B0D, 0x6B2D, 0x6B4D, 0x6B6D, 0x6B4D, 0x732E, 0x6B2E, 0x6B2E, 0x736E, 0x6B4E, 0x6B6E, 0x734E, 0x734D, 0x7B4E, 0x734E, 0x734E,   // 0x0F40 (3904) pixels
0x734E, 0x6B6E, 0x736E, 0x736E, 0x62AC, 0x9452, 0xFFFF, 0xFFFF, 0xFFFF, 0xFFFF, 0xFFFF, 0xFFFF, 0xCE59, 0xA4F4, 0xFFFF, 0xFFFF,   // 0x0F50 (3920) pixels
0xFFFF, 0xEF5D, 0x6B2E, 0x6B0E, 0x734E, 0x734E, 0x6B2D, 0x732E, 0x734E, 0x6B4E, 0x6B4E, 0x732E, 0x734E, 0x6B2E, 0x6B2E, 0x6B4E,   // 0x0F60 (3936) pixels
0x6B2E, 0x734E, 0x734E, 0x6B4E, 0x6B4E, 0x6B4E, 0x734E, 0x734E, 0x6B4E, 0x6B4E, 0x734E, 0x6B4E, 0x734E, 0x734E, 0x734E, 0x734E,   // 0x0F70 (3952) pixels
0x6B6E, 0x6B6F, 0x734E, 0x732E, 0x732E, 0x6B4E, 0x6B2E, 0x6B0E, 0x6B4E, 0x6B2E, 0x6B2E, 0x734F, 0x736E, 0x6B2D, 0x5AAC, 0x5A8B,   // 0x0F80 (3968) pixels
0x4A2A, 0x4A29, 0x6AED, 0x732E, 0x734E, 0x732D, 0x6B2D, 0x6B4D, 0x632D, 0x6B4E, 0x6B2D, 0x734E, 0x736E, 0x734E, 0x734E, 0x734E,   // 0x0F90 (3984) pixels
0x734E, 0x734E, 0x6B4E, 0x736E, 0x734E, 0x7B6E, 0x736F, 0x736E, 0x6B4E, 0x6B2E, 0x734E, 0x734E, 0x732E, 0x732E, 0x6B4D, 0x6B2D,   // 0x0FA0 (4000) pixels
0x732E, 0x734E, 0x6B6E, 0x6B6E, 0x6B4E, 0x734E, 0x734E, 0x6B4D, 0x736E, 0x6B2E, 0x6B0D, 0x734E, 0x6B4D, 0x6B2D, 0x6B4E, 0x6B4E,   // 0x0FB0 (4016) pixels
0x6B2E, 0x734E, 0x736E, 0x736E, 0x6B4D, 0x6B2D, 0x734E, 0x734E, 0x734E, 0x734E, 0x6B4E, 0x736E, 0x734D, 0x6B4E, 0x734E, 0x734E,   // 0x0FC0 (4032) pixels
0x732E, 0x734E, 0x736E, 0x736E, 0x734E, 0x5A8B, 0x7B8F, 0xB5B7, 0xCE59, 0xCE9A, 0xC639, 0x9CD4, 0x5A6B, 0x5A8B, 0xA535, 0xB576,   // 0x0FD0 (4048) pixels
0xB576, 0xAD76, 0x7B8F, 0x6B2D, 0x734E, 0x6B2D, 0x6B2D, 0x6B4E, 0x6B4E, 0x6B4E, 0x734E, 0x732E, 0x734E, 0x6B4E, 0x6B2E, 0x6B2E,   // 0x0FE0 (4064) pixels
0x734E, 0x736F, 0x734E, 0x734E, 0x6B4E, 0x6B4E, 0x734E, 0x734E, 0x734E, 0x734E, 0x736E, 0x734E, 0x6B4E, 0x736E, 0x7B6F, 0x734E,   // 0x0FF0 (4080) pixels
0x6B4E, 0x6B4E, 0x6B4E, 0x6B4E, 0x6B4E, 0x734E, 0x6B2E, 0x6B0E, 0x6B4E, 0x736F, 0x732F, 0x6B2E, 0x736E, 0x6B2D, 0x5A8C, 0x5A8B,   // 0x1000 (4096) pixels
0x4229, 0x4A09, 0x6AED, 0x6B2D, 0x6B4E, 0x6B0D, 0x6B0D, 0x6B2D, 0x6B2E, 0x6B4E, 0x734E, 0x734E, 0x734E, 0x734E, 0x7B4E, 0x7B4E,   // 0x1010 (4112) pixels
0x7B4E, 0x7B4E, 0x736E, 0x736E, 0x7B6F, 0x736E, 0x734E, 0x736E, 0x736F, 0x736E, 0x734E, 0x734E, 0x6B4E, 0x6B4E, 0x6B2D, 0x6B0D,   // 0x1020 (4128) pixels
0x732D, 0x734D, 0x734E, 0x6B4E, 0x734E, 0x6B4E, 0x734E, 0x6B4E, 0x736E, 0x6B4E, 0x6B4D, 0x6B4E, 0x6B2D, 0x732E, 0x734E, 0x6B4E,   // 0x1030 (4144) pixels
0x6B4E, 0x734E, 0x736E, 0x734E, 0x734E, 0x6B2D, 0x6B2E, 0x734E, 0x734E, 0x734E, 0x734E, 0x736E, 0x734E, 0x6B2D, 0x734E, 0x734E,   // 0x1040 (4160) pixels
0x6B4E, 0x732E, 0x734E, 0x6B4E, 0x6B6E, 0x734E, 0x6ACC, 0x5A6A, 0x628B, 0x5AAC, 0x5A8B, 0x5A6B, 0x6B2E, 0x734E, 0x5A8B, 0x5A6B,   // 0x1050 (4176) pixels
0x5A6B, 0x5AAB, 0x734E, 0x734E, 0x6B2E, 0x6B2E, 0x732E, 0x732E, 0x6B2E, 0x734E, 0x734E, 0x734E, 0x736E, 0x736E, 0x6B4E, 0x6B4E,   // 0x1060 (4192) pixels
0x736E, 0x734E, 0x734E, 0x6B6E, 0x734E, 0x6B2E, 0x6B4E, 0x6B6E, 0x736E, 0x736E, 0x736E, 0x734E, 0x6B4E, 0x736E, 0x736F, 0x734E,   // 0x1070 (4208) pixels
0x734E, 0x734E, 0x734E, 0x736E, 0x6B6E, 0x6B2E, 0x6B2D, 0x6B0E, 0x6B0E, 0x734E, 0x734E, 0x734E, 0x736F, 0x6B2D, 0x62AC, 0x5A8C,   // 0x1080 (4224) pixels
0x4A2A, 0x5229, 0x6AED, 0x6B2D, 0x6B2E, 0x730D, 0x6B2D, 0x6B0D, 0x6B2D, 0x6B2E, 0x6B4D, 0x734E, 0x734E, 0x734E, 0x736F, 0x6B6E,   // 0x1090 (4240) pixels
0x734E, 0x736E, 0x736E, 0x736F, 0x7B4F, 0x734E, 0x736E, 0x736F, 0x734E, 0x736E, 0x6B6E, 0x6B2D, 0x734E, 0x6B4E, 0x6B2E, 0x732E,   // 0x10A0 (4256) pixels
0x734E, 0x734E, 0x734E, 0x734D, 0x734E, 0x734E, 0x7B4E, 0x734E, 0x734E, 0x6B4E, 0x732E, 0x732E, 0x6B2D, 0x732D, 0x732D, 0x732D,   // 0x10B0 (4272) pixels
0x734D, 0x6B4E, 0x734E, 0x734E, 0x732E, 0x734E, 0x732E, 0x7B4E, 0x734D, 0x734D, 0x736E, 0x6B4E, 0x734E, 0x734E, 0x736E, 0x6B6E,   // 0x10C0 (4288) pixels
0x6B4D, 0x6B4E, 0x732E, 0x6B2E, 0x6B4E, 0x734E, 0x734E, 0x734D, 0x6B4D, 0x6B2D, 0x734E, 0x736E, 0x736E, 0x736E, 0x734E, 0x736E,   // 0x10D0 (4304) pixels
0x736E, 0x734E, 0x6B4E, 0x6B2E, 0x6B2E, 0x734E, 0x732E, 0x732D, 0x6B4E, 0x6B2E, 0x734E, 0x736E, 0x736E, 0x6B4E, 0x6B4E, 0x6B4E,   // 0x10E0 (4320) pixels
0x6B4E, 0x6B4E, 0x6B6E, 0x734E, 0x6B4E, 0x6B4E, 0x6B4E, 0x6B4F, 0x6B6E, 0x6B6E, 0x732E, 0x732E, 0x6B4E, 0x734E, 0x734F, 0x6B4E,   // 0x10F0 (4336) pixels
0x736E, 0x736E, 0x734E, 0x732D, 0x6B2E, 0x6B2E, 0x6B0D, 0x6B2E, 0x734E, 0x732E, 0x6B2D, 0x6B4E, 0x736F, 0x6B2D, 0x62CC, 0x5AAC,   // 0x1100 (4352) pixels
0x4A4A, 0x524A, 0x6AEC, 0x6B0D, 0x732E, 0x732E, 0x6B0D, 0x6B0D, 0x6B2D, 0x6B2E, 0x6B0D, 0x6B2D, 0x6B2D, 0x6B2E, 0x734F, 0x6B4E,   // 0x1110 (4368) pixels
0x6B4E, 0x736E, 0x734E, 0x736E, 0x734E, 0x734E, 0x736F, 0x736F, 0x6B4E, 0x732E, 0x732E, 0x734E, 0x6B4E, 0x6B4E, 0x6B2D, 0x6B2D,   // 0x1120 (4384) pixels
0x6B0D, 0x6B2E, 0x730D, 0x72ED, 0x6B0D, 0x630D, 0x6B0D, 0x730D, 0x730D, 0x62EC, 0x62EC, 0x62EC, 0x5AEC, 0x62CC, 0x62CC, 0x62CC,   // 0x1130 (4400) pixels
0x6ACC, 0x62CC, 0x62EC, 0x62EC, 0x62CC, 0x62CC, 0x62CC, 0x62CB, 0x6ACC, 0x62CC, 0x62CB, 0x5AAB, 0x62CB, 0x62AC, 0x5AAB, 0x62CB,   // 0x1140 (4416) pixels
0x62CB, 0x5ACC, 0x62AC, 0x628B, 0x62AB, 0x62CC, 0x62CC, 0x62CC, 0x62CC, 0x62CC, 0x6AEC, 0x62CC, 0x62CC, 0x62ED, 0x62EC, 0x62CC,   // 0x1150 (4432) pixels
0x62CD, 0x62EC, 0x62CC, 0x62EC, 0x62CC, 0x62CC, 0x62AC, 0x62AC, 0x5ACC, 0x5AEC, 0x630D, 0x62EC, 0x62ED, 0x630D, 0x630D, 0x62ED,   // 0x1160 (4448) pixels
0x62EC, 0x6B2D, 0x6B0E, 0x6B2E, 0x736E, 0x6B4E, 0x6B4E, 0x732E, 0x734E, 0x6B6E, 0x734E, 0x6B6F, 0x6B4E, 0x6B4E, 0x6B4F, 0x734F,   // 0x1170 (4464) pixels
0x6B4E, 0x6B4E, 0x734E, 0x6B2E, 0x6B2E, 0x6B4E, 0x6B0D, 0x6B4E, 0x736E, 0x6B2E, 0x6B4E, 0x6B4E, 0x6B4E, 0x630D, 0x62CC, 0x5A8C,   // 0x1180 (4480) pixels
0x4A29, 0x524A, 0x6B0D, 0x6B0D, 0x732D, 0x6B4E, 0x6B2E, 0x730D, 0x730D, 0x730D, 0x732E, 0x6B2D, 0x6B0D, 0x6B0D, 0x6B0D, 0x732E,   // 0x1190 (4496) pixels
0x6B2E, 0x732D, 0x734E, 0x734E, 0x734E, 0x734E, 0x7B4E, 0x7B6F, 0x738E, 0x734E, 0x730E, 0x732E, 0x6B4E, 0x734E, 0x732D, 0x7B6F,   // 0x11A0 (4512) pixels
0x7BAF, 0x7BAF, 0x7BAF, 0x83AF, 0x83D0, 0x83F0, 0x7BD0, 0x8BF0, 0x8BF0, 0x83D0, 0x7BCF, 0x7BD0, 0x7BD0, 0x83D0, 0x8C31, 0x9472,   // 0x11B0 (4528) pixels
0x9C52, 0x9452, 0x9492, 0x94B3, 0x9CD3, 0x9CD3, 0x9CD4, 0x9D14, 0xA514, 0xA514, 0x9CF4, 0x9D14, 0xA534, 0xA515, 0xA515, 0xA534,   // 0x11C0 (4544) pixels
0xA555, 0xA535, 0xA514, 0xA515, 0xA535, 0xA514, 0xA514, 0xA4F4, 0x9CF4, 0xA4F4, 0x9CD3, 0x94B3, 0x94B3, 0x94B3, 0x94B3, 0x9473,   // 0x11D0 (4560) pixels
0x9C93, 0x9CB3, 0x94B3, 0x9493, 0x9493, 0x9492, 0x94B3, 0x9493, 0x9472, 0x9493, 0x9493, 0x8C72, 0x8C52, 0x8C31, 0x83F1, 0x83F0,   // 0x11E0 (4576) pixels
0x7BCF, 0x7BB0, 0x736F, 0x6B0D, 0x736E, 0x734E, 0x734E, 0x734F, 0x734E, 0x734E, 0x734E, 0x734E, 0x6B4E, 0x6B6E, 0x6B4E, 0x732E,   // 0x11F0 (4592) pixels
0x734E, 0x734E, 0x736F, 0x6B6F, 0x6B4E, 0x6B2E, 0x6B0E, 0x730E, 0x6B2E, 0x6B4E, 0x6B4E, 0x736E, 0x6B4E, 0x6B2E, 0x62AB, 0x5A6B,   // 0x1200 (4608) pixels
0x4229, 0x524A, 0x6B2D, 0x6B4E, 0x732E, 0x734E, 0x6B2E, 0x6B2E, 0x732D, 0x6B0E, 0x6B2E, 0x732E, 0x6B2D, 0x6B0D, 0x630D, 0x6B0D,   // 0x1210 (4624) pixels
0x730D, 0x732D, 0x734E, 0x736E, 0x732E, 0x734E, 0x732D, 0x732E, 0x736E, 0x736F, 0x6B2E, 0x6B2D, 0x732D, 0x6B0D, 0xBDD7, 0xCEDB,   // 0x1220 (4640) pixels
0xB5D8, 0xB618, 0xB5F8, 0xB5D8, 0xBE39, 0xC69A, 0xC69A, 0xBE5A, 0xBE39, 0xB5F8, 0xB5D8, 0xB5B7, 0xB5F8, 0xBE18, 0xC65A, 0xCE59,   // 0x1230 (4656) pixels
0xCE5A, 0xC659, 0xC679, 0xC67A, 0xC63A, 0xBE18, 0xBE38, 0xCE7A, 0xBE39, 0xB618, 0xB618, 0xB5F8, 0xBE18, 0xBE38, 0xBE59, 0xBE39,   // 0x1240 (4672) pixels
0xBE39, 0xBE19, 0xADD7, 0xBE39, 0xBE39, 0xB618, 0xBE18, 0xB618, 0xBDF8, 0xBE39, 0xB638, 0xB618, 0xBE18, 0xBE18, 0xC67A, 0xC65A,   // 0x1250 (4688) pixels
0xC659, 0xC679, 0xBE18, 0xB618, 0xC63A, 0xBE59, 0xBE59, 0xC67A, 0xCE9A, 0xC67A, 0xBE7A, 0xC67A, 0xC67A, 0xC69A, 0xC67A, 0xCEBA,   // 0x1260 (4704) pixels
0xCE9A, 0xC69A, 0xDF5D, 0xAD96, 0x5ACC, 0x734E, 0x734E, 0x6B4E, 0x6B4E, 0x6B4E, 0x6B4E, 0x734E, 0x734E, 0x734E, 0x732E, 0x734E,   // 0x1270 (4720) pixels
0x734E, 0x734E, 0x736E, 0x6B2E, 0x6B2E, 0x732E, 0x6B0D, 0x6B0D, 0x6B2E, 0x6B4D, 0x6B4E, 0x734E, 0x6B2E, 0x6B2E, 0x62CC, 0x5A6B,   // 0x1280 (4736) pixels
0x4A29, 0x4A6A, 0x6B2D, 0x732E, 0x732E, 0x734D, 0x6B2D, 0x6B4D, 0x6B2E, 0x6B2E, 0x6B2E, 0x732D, 0x730D, 0x732D, 0x6B2D, 0x6AED,   // 0x1290 (4752) pixels
0x6B0D, 0x6B2D, 0x6B2D, 0x734E, 0x734E, 0x734E, 0x6B6E, 0x734E, 0x7B4E, 0x7B6F, 0x734E, 0x734D, 0x6B2D, 0x6B0D, 0xBE18, 0xD73D,   // 0x12A0 (4768) pixels
0xE77E, 0xDF5D, 0xDF3D, 0xDF3D, 0xE75D, 0xEF9E, 0xEF9E, 0xEF5D, 0xE75D, 0xE73D, 0xD73D, 0xD71C, 0xDF5D, 0xDF5D, 0x73D0, 0x5A8B,   // 0x12B0 (4784) pixels
0x62EC, 0x62CC, 0x5AEC, 0x62EC, 0x5A8C, 0x524A, 0x4A29, 0x4A29, 0x5209, 0x5209, 0x526A, 0x62AC, 0x628B, 0x62AB, 0x5ACC, 0x5ACC,   // 0x12C0 (4800) pixels
0x5AAB, 0x62AB, 0x62AC, 0x62AC, 0x522A, 0x49C8, 0x5209, 0x5209, 0x5209, 0x5209, 0x524A, 0x62CC, 0x62ED, 0x62CC, 0x6B0D, 0x6B0D,   // 0x12D0 (4816) pixels
0x630D, 0x6B0D, 0x62EC, 0x62CC, 0x62ED, 0x62ED, 0x62ED, 0x6B0D, 0x6B0D, 0x62ED, 0x630D, 0x5AEC, 0x62CC, 0x630D, 0x738F, 0x73AF,   // 0x12E0 (4832) pixels
0x7BD0, 0x6B6E, 0xAD76, 0xC679, 0x5ACC, 0x734E, 0x6B4E, 0x6B4E, 0x6B4E, 0x6B4E, 0x6B4E, 0x6B4E, 0x6B4E, 0x6B2E, 0x6B2E, 0x6B4E,   // 0x12F0 (4848) pixels
0x6B4E, 0x6B4E, 0x734E, 0x734E, 0x6B2E, 0x6B2E, 0x6B2D, 0x6B2D, 0x6B2D, 0x6B0D, 0x6B4E, 0x6B4E, 0x6B0D, 0x6B2E, 0x62CC, 0x5A6A,   // 0x1300 (4864) pixels
0x522A, 0x5249, 0x6B0D, 0x6B2E, 0x734E, 0x734E, 0x734E, 0x6B2E, 0x6B2D, 0x732E, 0x6B4E, 0x6B2D, 0x6B0D, 0x6B0D, 0x6B0D, 0x6B0D,   // 0x1310 (4880) pixels
0x6B0D, 0x6B2D, 0x6B2D, 0x6B2D, 0x734E, 0x736E, 0x736E, 0x7B6F, 0x7B6E, 0x734E, 0x734E, 0x734E, 0x6B4E, 0x62EC, 0xADB7, 0xE79E,   // 0x1320 (4896) pixels
0xFFFF, 0xFFFF, 0xFFFF, 0xFFFF, 0xFFFF, 0xFFFF, 0xFFFF, 0xFFFF, 0xFFFF, 0xFFFF, 0xFFFF, 0xFFFF, 0xFFFF, 0xFFFF, 0x8411, 0x628B,   // 0x1330 (4912) pixels
0x6B0D, 0x6B0D, 0x6AED, 0x5A8B, 0x5A8B, 0x83AF, 0x9CB3, 0xAD55, 0xB575, 0x9CB3, 0x6B4E, 0x628B, 0x730D, 0x732D, 0x6B4D, 0x6B4D,   // 0x1340 (4928) pixels
0x6B4E, 0x6B4E, 0x62EC, 0x628B, 0x83D0, 0xB575, 0xD679, 0xD69A, 0xCE39, 0xB556, 0x83D0, 0x628B, 0x62CC, 0x734D, 0x734D, 0x6B4E,   // 0x1350 (4944) pixels
0x734E, 0x6B4E, 0x6B2D, 0x734E, 0x6B4D, 0x6B2D, 0x734E, 0x732D, 0x62AC, 0x526A, 0x5AAB, 0x6B0E, 0x7BB0, 0x7BD0, 0x6B4D, 0x62EC,   // 0x1360 (4960) pixels
0x6B2D, 0x5AAC, 0x8C73, 0xB5F8, 0x62EC, 0x6B4E, 0x6B6E, 0x734E, 0x6B2D, 0x6B4E, 0x6B4E, 0x6B4E, 0x6B2E, 0x6B2D, 0x6B4E, 0x6B4E,   // 0x1370 (4976) pixels
0x734E, 0x736E, 0x6B4E, 0x6B4E, 0x734E, 0x6B2E, 0x6B2E, 0x6B2E, 0x6B2D, 0x6B2D, 0x736E, 0x6B4E, 0x6B2E, 0x730D, 0x628C, 0x5A6B,   // 0x1380 (4992) pixels
0x522A, 0x524A, 0x6B0D, 0x6B4E, 0x6B4E, 0x732E, 0x734E, 0x734E, 0x734E, 0x734E, 0x736E, 0x6B4E, 0x6B2D, 0x6B2E, 0x6B2E, 0x6B2D,   // 0x1390 (5008) pixels
0x6B4E, 0x6B2D, 0x6B0D, 0x732E, 0x6B4E, 0x6B4E, 0x736E, 0x736E, 0x734E, 0x732E, 0x732D, 0x734E, 0x734E, 0x62EC, 0xAD97, 0xE77E,   // 0x13A0 (5024) pixels
0xFFFF, 0xFFFF, 0xFFFF, 0xFFFF, 0xFFFF, 0xFFFF, 0xFFFF, 0xFFFF, 0xFFFF, 0xF7FF, 0xF7FF, 0xF7FF, 0xF7FF, 0xFFFF, 0x8431, 0x62AB,   // 0x13B0 (5040) pixels
0x6B2E, 0x6B2D, 0x524A, 0x7BAF, 0xD6DA, 0xFFFF, 0xFFFF, 0xFFFF, 0xFFFF, 0xFFFF, 0xFFFF, 0x94D3, 0x5ACB, 0x6B2D, 0x6B2D, 0x734E,   // 0x13C0 (5056) pixels
0x736E, 0x5AAB, 0x632D, 0xD69A, 0xFFFF, 0xFFFF, 0xFFFF, 0xFFFF, 0xFFFF, 0xFFFF, 0xFFFF, 0xCE7A, 0x62EC, 0x62AB, 0x6B6E, 0x6B4D,   // 0x13D0 (5072) pixels
0x6B2D, 0x6B4D, 0x6B4E, 0x734E, 0x6B4E, 0x6B4E, 0x5AAB, 0x5A8B, 0x83D0, 0xAD55, 0xD6BB, 0xEFDF, 0xFFFF, 0xE77D, 0x738E, 0x62EC,   // 0x13E0 (5088) pixels
0x732E, 0x6B2D, 0x83F1, 0x94D4, 0x6B0D, 0x734E, 0x736E, 0x734E, 0x6B2E, 0x6B4E, 0x6B4E, 0x6B4E, 0x734E, 0x6B2D, 0x6B4E, 0x736E,   // 0x13F0 (5104) pixels
0x6B2E, 0x734E, 0x6B2D, 0x6B2D, 0x6B4E, 0x6B2E, 0x6B2E, 0x730E, 0x6B4E, 0x6B4E, 0x6B4E, 0x734E, 0x6B2E, 0x734E, 0x62CC, 0x5A6C,   // 0x1400 (5120) pixels
0x4A29, 0x524A, 0x6B2D, 0x6B4E, 0x6B4E, 0x734E, 0x734E, 0x734E, 0x7B6F, 0x734E, 0x734E, 0x734E, 0x6B4E, 0x6B6E, 0x6B4E, 0x734E,   // 0x1410 (5136) pixels
0x732E, 0x6B2D, 0x6B2D, 0x6B4D, 0x6B4E, 0x6B2D, 0x732D, 0x6B2D, 0x6B2D, 0x732D, 0x734E, 0x6B4E, 0x732D, 0x6AED, 0xB5B7, 0xE75D,   // 0x1420 (5152) pixels
0xFFFF, 0xF7FF, 0xF7FF, 0xFFFF, 0xCEBA, 0x8411, 0x9472, 0x7BF0, 0xB5B7, 0xFFFF, 0xF7FF, 0xEFFF, 0xF7FF, 0xFFFF, 0x8411, 0x5A8B,   // 0x1430 (5168) pixels
0x6B2D, 0x526A, 0x94B3, 0xFFFF, 0xFFFF, 0xFFFF, 0xFFFF, 0xFFFF, 0xFFFF, 0xFFFF, 0xFFFF, 0xFFFF, 0x7C10, 0x5AAB, 0x6B2E, 0x6B6D,   // 0x1440 (5184) pixels
0x62EC, 0x6B2D, 0xE71C, 0xFFFF, 0xEF9E, 0x94F4, 0x73D0, 0x83D0, 0x9473, 0xCEBB, 0xFFFF, 0xFFFF, 0xD6DB, 0x62EC, 0x6AED, 0x6B2E,   // 0x1450 (5200) pixels
0x6B2D, 0x734E, 0x734E, 0x6B6E, 0x6AED, 0x5A4B, 0x8C11, 0xD69A, 0xFFFF, 0xFFFF, 0xFFFF, 0xEFDF, 0xC69B, 0x8C73, 0x6B2D, 0x734E,   // 0x1460 (5216) pixels
0x6B4E, 0x6B2E, 0x7BD0, 0x94F5, 0x734E, 0x732E, 0x6B4E, 0x736E, 0x734E, 0x6B2E, 0x734E, 0x734E, 0x6B4E, 0x6B4E, 0x734E, 0x734E,   // 0x1470 (5232) pixels
0x6B2E, 0x6B4E, 0x6B4E, 0x734E, 0x734E, 0x6B2D, 0x6B2E, 0x6B4E, 0x6B2D, 0x6B2E, 0x6B2E, 0x734E, 0x6B2E, 0x6B0D, 0x62CC, 0x5A8B,   // 0x1480 (5248) pixels
0x4A2A, 0x5A4A, 0x730D, 0x732E, 0x734E, 0x736E, 0x736F, 0x6B4E, 0x6B4D, 0x6B4E, 0x734E, 0x734E, 0x6B4E, 0x6B2E, 0x6B2E, 0x732E,   // 0x1490 (5264) pixels
0x732E, 0x732E, 0x736E, 0x6B6E, 0x732E, 0x730E, 0x730D, 0x6B4E, 0x6B4E, 0x6B2E, 0x6B4E, 0x6B4E, 0x6B2D, 0x62AC, 0xAD56, 0xE77E,   // 0x14A0 (5280) pixels
0xFFFF, 0xFFFF, 0xF7FF, 0xFFFF, 0xB5D7, 0x41C9, 0x5AAB, 0x41E9, 0x9472, 0xFFFF, 0xF7FF, 0xEFFF, 0xFFFF, 0xFFFF, 0x7BF0, 0x4A2A,   // 0x14B0 (5296) pixels
0x5A2A, 0x8C11, 0xFFFF, 0xFFFF, 0xB5B7, 0x7BD0, 0x6B0D, 0x73AF, 0xD6FC, 0xFFFF, 0xFFFF, 0xFFFF, 0xBDF8, 0x4A09, 0x5A8B, 0x5A8A,   // 0x14C0 (5312) pixels
0x524A, 0xCE59, 0xFFFF, 0xDF3C, 0x52AB, 0x3987, 0x522A, 0x5A29, 0x41C8, 0x41E9, 0xB5F8, 0xFFFF, 0xFFFF, 0xAD76, 0x5209, 0x5AAC,   // 0x14D0 (5328) pixels
0x5AAC, 0x62AC, 0x5ACC, 0x5A8B, 0x62EC, 0xC5F8, 0xFFFF, 0xFFFF, 0xFFFF, 0xD6DB, 0x7C31, 0x5ACC, 0x520A, 0x5A8B, 0x6B2D, 0x6B2D,   // 0x14E0 (5344) pixels
0x6B0D, 0x62CC, 0x8432, 0xADD7, 0x6B2D, 0x734E, 0x6B4E, 0x6B4E, 0x736E, 0x6B4E, 0x6B4E, 0x736E, 0x734E, 0x6B4E, 0x734E, 0x734E,   // 0x14F0 (5360) pixels
0x736F, 0x736E, 0x734E, 0x732E, 0x6B4E, 0x6B0E, 0x6B0E, 0x6B4D, 0x6B2D, 0x732E, 0x732E, 0x734E, 0x6B2D, 0x6B0D, 0x62AC, 0x5A8B,   // 0x1500 (5376) pixels
0x4A4A, 0x5A8B, 0x732D, 0x732D, 0x6B0D, 0x6B2E, 0x736F, 0x6B4E, 0x6B2D, 0x6B4D, 0x734E, 0x734E, 0x6B4E, 0x6B2D, 0x734E, 0x734E,   // 0x1510 (5392) pixels
0x6B2D, 0x732E, 0x732E, 0x6B2D, 0x6B2D, 0x730D, 0x6B2D, 0x6B4E, 0x734E, 0x6B4E, 0x732E, 0x732E, 0x6B0D, 0x5AAB, 0xA555, 0xE77E,   // 0x1520 (5408) pixels
0xFFFF, 0xFFFF, 0xFFFF, 0xFFFF, 0xB5D8, 0x41C8, 0x5A8B, 0x49A8, 0x8C31, 0xFFFF, 0xEFFF, 0xEFFF, 0xF7FF, 0xFFFF, 0x94B3, 0x7B6E,   // 0x1530 (5424) pixels
0x7B8E, 0xD6BA, 0xFFFF, 0xADB7, 0x6B4E, 0x83AF, 0x8BF0, 0x734E, 0x9CF4, 0xFFFF, 0xFFFF, 0xFFFF, 0xEF9E, 0x94B3, 0x9CB3, 0x9C72,   // 0x1540 (5440) pixels
0xB556, 0xFFFF, 0xFFFF, 0xAD76, 0x83F0, 0xA4D3, 0x9CB3, 0x9C92, 0x9CB3, 0x8C11, 0x8C72, 0xF7DF, 0xFFFF, 0xF7BE, 0x94D3, 0x8C52,   // 0x1550 (5456) pixels
0x8C72, 0x9492, 0x8C31, 0x7BD0, 0xD6BB, 0xFFFF, 0xFFFF, 0xFFFF, 0xCEBB, 0x7BF0, 0x6B2D, 0x7BCF, 0x83D0, 0x838F, 0x738F, 0x736E,   // 0x1560 (5472) pixels
0x736E, 0x6AEC, 0x8C72, 0xBDF8, 0x6B0D, 0x734E, 0x734E, 0x734E, 0x6B6E, 0x736F, 0x734E, 0x6B4E, 0x736F, 0x7B4F, 0x734E, 0x6B4E,   // 0x1570 (5488) pixels
0x734E, 0x734E, 0x6B2E, 0x6B0E, 0x6B2E, 0x6B2E, 0x730E, 0x730D, 0x6B2E, 0x6B2D, 0x730D, 0x6B4D, 0x6B4E, 0x6B2D, 0x62CC, 0x5A8B,   // 0x1580 (5504) pixels
0x526A, 0x5A8B, 0x6B0D, 0x6AED, 0x6B0D, 0x732D, 0x6B2D, 0x6B2D, 0x6B4E, 0x734E, 0x734E, 0x732E, 0x6B2D, 0x734E, 0x734E, 0x734E,   // 0x1590 (5520) pixels
0x734E, 0x734E, 0x6B2D, 0x730D, 0x6B2D, 0x6B4D, 0x6B2D, 0x732D, 0x732E, 0x734E, 0x734E, 0x6B2D, 0x6B0D, 0x62CC, 0xAD96, 0xDF5D,   // 0x15A0 (5536) pixels
0xFFFF, 0xFFFF, 0xF7FF, 0xFFFF, 0xDF1C, 0xA535, 0xBD97, 0xB555, 0xCE59, 0xF7FF, 0xE7FF, 0xE7FF, 0xEFFF, 0xF7FF, 0xEFBE, 0xEF9E,   // 0x15B0 (5552) pixels
0xEFBE, 0xF7FF, 0xEF9E, 0xD6FC, 0xE79E, 0xEFBE, 0xEF9E, 0xEFDF, 0xDF5D, 0xEF9E, 0xFFFF, 0xFFFF, 0xFFFF, 0xEFBE, 0xE79E, 0xEF9E,   // 0x15C0 (5568) pixels
0xF7DF, 0xFFFF, 0xF7DF, 0xD6DB, 0xE75D, 0xEFBE, 0xEF9E, 0xEF9E, 0xEFBE, 0xEFBE, 0xD71C, 0xE77D, 0xFFFF, 0xFFFF, 0xF7DF, 0xEF9E,   // 0x15D0 (5584) pixels
0xE79E, 0xE77E, 0xDF5D, 0xFFFF, 0xFFFF, 0xFFFF, 0xFFFF, 0xEFBE, 0xCEDB, 0xDF5D, 0xE7BF, 0xDF7E, 0xE79E, 0xE77E, 0xE77E, 0xE79E,   // 0x15E0 (5600) pixels
0xDF7D, 0xDF3D, 0xF7FF, 0xBE38, 0x5ACC, 0x6B4E, 0x734F, 0x736F, 0x734E, 0x734E, 0x732E, 0x732E, 0x736E, 0x736E, 0x734E, 0x6B0E,   // 0x15F0 (5616) pixels
0x6B2E, 0x734E, 0x734E, 0x6B2D, 0x6B4E, 0x734E, 0x6B2E, 0x6B2D, 0x6B2D, 0x6B0D, 0x6B2D, 0x734E, 0x734E, 0x6B2E, 0x62AC, 0x5A8B,   // 0x1600 (5632) pixels
0x526A, 0x4A29, 0x62EC, 0x6B2D, 0x6B2D, 0x732D, 0x734E, 0x6B2E, 0x6B2D, 0x732E, 0x734E, 0x6B2D, 0x6B2D, 0x7B6E, 0x732E, 0x6B2E,   // 0x1610 (5648) pixels
0x6B4E, 0x6B4E, 0x734D, 0x734D, 0x732D, 0x6B2D, 0x6B4E, 0x734E, 0x734E, 0x732E, 0x734D, 0x732D, 0x630D, 0x62CC, 0xA555, 0xD73C,   // 0x1620 (5664) pixels
0xFFFF, 0xFFFF, 0xFFFF, 0xF7FF, 0xFFFF, 0xFFFF, 0xFFFF, 0xFFFF, 0xFFFF, 0xF7FF, 0xE7FF, 0xEFFF, 0xFFFF, 0xF7FF, 0x8CB3, 0x7BB0,   // 0x1630 (5680) pixels
0x8BF1, 0x7BB0, 0x6B6E, 0x73AF, 0x738F, 0x738F, 0x738F, 0x73AF, 0x62EC, 0xBE18, 0xFFFF, 0xFFFF, 0xCEDB, 0x634E, 0x6B2D, 0x62ED,   // 0x1640 (5696) pixels
0xCE9A, 0xFFFF, 0xFFFF, 0x9D55, 0x4209, 0x6B4D, 0x6B8E, 0x6B8E, 0x738F, 0x738F, 0x52AC, 0xB5D8, 0xFFFF, 0xFFFF, 0x8C72, 0x6B0D,   // 0x1650 (5712) pixels
0x73AF, 0x5AED, 0xB5D8, 0xFFFF, 0xFFFF, 0xFFFF, 0xBE39, 0x6B2D, 0x7BB0, 0x7BF0, 0x83F1, 0x8411, 0x8452, 0x8472, 0x8CB3, 0x9CF4,   // 0x1660 (5728) pixels
0x9CF4, 0x9493, 0xC65A, 0xB618, 0x5AEC, 0x734E, 0x734E, 0x736E, 0x734E, 0x6B4E, 0x6B2E, 0x6B2E, 0x6B4E, 0x6B4E, 0x732E, 0x6B2E,   // 0x1670 (5744) pixels
0x6B4E, 0x6B6E, 0x734E, 0x732E, 0x6B2D, 0x6B2E, 0x632E, 0x632D, 0x6B4D, 0x6B4E, 0x6B2E, 0x6B2E, 0x6B0D, 0x730D, 0x62AB, 0x5A6B,   // 0x1680 (5760) pixels
0x4A4A, 0x524A, 0x6B2D, 0x6B4E, 0x6B4E, 0x6B0D, 0x732E, 0x732E, 0x732E, 0x6B4E, 0x6B2D, 0x6B4D, 0x732E, 0x732E, 0x6B2E, 0x6B2E,   // 0x1690 (5776) pixels
0x6B4E, 0x6B4E, 0x734E, 0x6B4D, 0x6B2D, 0x732E, 0x732E, 0x734E, 0x6B4E, 0x6B4D, 0x736E, 0x734E, 0x6B2D, 0x62CB, 0xA535, 0xDF3D,   // 0x16A0 (5792) pixels
0xFFFF, 0xFFFF, 0xFFFF, 0xFFFF, 0xE75D, 0xB5D8, 0xC618, 0xB5D7, 0xCEBB, 0xFFFF, 0xEFFF, 0xF7FF, 0xFFFF, 0xEFDF, 0x6B4E, 0x5A2A,   // 0x16B0 (5808) pixels
0x62AB, 0x62AB, 0x62AC, 0x62AB, 0x62AC, 0x62CC, 0x62EC, 0x62CB, 0x5249, 0xD6BA, 0xFFFF, 0xFFFF, 0x8452, 0x524A, 0x6AEC, 0x526A,   // 0x16C0 (5824) pixels
0xCE59, 0xFFFF, 0xFFFF, 0xFFFF, 0x94D3, 0x5229, 0x4A29, 0x5AAC, 0x6B0D, 0x62CB, 0x526A, 0xD6FB, 0xFFFF, 0xE75D, 0x630D, 0x62AB,   // 0x16D0 (5840) pixels
0x5A6A, 0x8411, 0xFFFF, 0xFFFF, 0xFFFF, 0xEFBE, 0x6B4E, 0x5229, 0x5A8B, 0x628B, 0x62AB, 0x62CC, 0x62EC, 0x5AAC, 0x5ACC, 0x62AB,   // 0x16E0 (5856) pixels
0x62AC, 0x4A2A, 0x7C11, 0xADD7, 0x6AED, 0x736E, 0x736E, 0x6B6E, 0x6B4E, 0x736E, 0x6B6E, 0x734F, 0x734E, 0x6B2E, 0x6B2E, 0x6B2E,   // 0x16F0 (5872) pixels
0x6B2E, 0x6B4E, 0x6B2E, 0x6B0E, 0x6B0E, 0x6B2E, 0x6B2E, 0x6B0D, 0x6B2E, 0x6B4E, 0x6B4E, 0x6B2D, 0x6B0D, 0x732D, 0x62EC, 0x526B,   // 0x1700 (5888) pixels
0x522A, 0x5A4A, 0x734E, 0x6B4D, 0x732D, 0x6B2D, 0x6B0D, 0x6B2D, 0x6B4E, 0x6B4E, 0x732E, 0x6B2D, 0x6B4E, 0x6B2D, 0x6B2E, 0x6B2D,   // 0x1710 (5904) pixels
0x734E, 0x734E, 0x6B0D, 0x6B2E, 0x6B0D, 0x6B0D, 0x732E, 0x734E, 0x6B2E, 0x6B4E, 0x736E, 0x734E, 0x732D, 0x5ACC, 0xA576, 0xE77E,   // 0x1720 (5920) pixels
0xFFFF, 0xFFFF, 0xFFFF, 0xFFFF, 0xB5F8, 0x41E8, 0x5A8B, 0x41C8, 0x9492, 0xFFFF, 0xEFFF, 0xEFFF, 0xF7FF, 0xF7FF, 0x7C11, 0x62AB,   // 0x1730 (5936) pixels
0x6B2D, 0x6B0C, 0x6B0D, 0x6B2D, 0x630D, 0x6B0D, 0x6B4D, 0x4A29, 0x8C31, 0xFFFF, 0xFFFF, 0x9D35, 0x4A6A, 0x6B0D, 0x6AED, 0x526A,   // 0x1740 (5952) pixels
0xAD96, 0xFFFF, 0xFFFF, 0xFFFF, 0xFFFF, 0xD69A, 0x8C31, 0x6AEC, 0x5A6A, 0x524A, 0xAD96, 0xFFFF, 0xFFFF, 0x9D35, 0x528B, 0x6B0D,   // 0x1750 (5968) pixels
0x62EC, 0xDEFC, 0xFFFF, 0xFFFF, 0xFFFF, 0x94D4, 0x4188, 0x734E, 0x83D0, 0x83D0, 0x6B6E, 0x528B, 0x62CC, 0x6B4E, 0x734E, 0x732D,   // 0x1760 (5984) pixels
0x6B2D, 0x62EC, 0x8C52, 0xA576, 0x6AEC, 0x734E, 0x6B4E, 0x6B4E, 0x736E, 0x736E, 0x734E, 0x734F, 0x6B4E, 0x734E, 0x6B4E, 0x6B2E,   // 0x1770 (6000) pixels
0x732E, 0x732E, 0x6B2D, 0x632E, 0x6B2E, 0x6B2D, 0x6B4D, 0x6B2D, 0x630D, 0x6B2E, 0x734E, 0x6B2D, 0x6B2E, 0x6B0D, 0x5AAB, 0x5A8B,   // 0x1780 (6016) pixels
0x4A4A, 0x522A, 0x6B0D, 0x6B4E, 0x6B2D, 0x6B2D, 0x6B2D, 0x6B2D, 0x6B4E, 0x734E, 0x6B2D, 0x6B2D, 0x6B4E, 0x6B4E, 0x732E, 0x6B2E,   // 0x1790 (6032) pixels
0x6B4E, 0x734E, 0x6B2D, 0x734E, 0x732E, 0x6B2D, 0x6B4E, 0x6B6E, 0x6B4E, 0x734E, 0x6B4E, 0x730D, 0x732D, 0x62EC, 0xA555, 0xD71C,   // 0x17A0 (6048) pixels
0xFFFF, 0xF7FF, 0xF7FF, 0xFFFF, 0xBE18, 0x5A8B, 0x732E, 0x5A6B, 0x9CD3, 0xFFFF, 0xE7FF, 0xE7FF, 0xF7FF, 0xFFFF, 0x73CF, 0x41C8,   // 0x17B0 (6064) pixels
0x5A8B, 0x5A8B, 0x5A8B, 0x5AAB, 0x5AAB, 0x5AAB, 0x524A, 0x73AF, 0xEF9E, 0xFFFF, 0xD73C, 0x7BAF, 0x62CB, 0x62AB, 0x62AC, 0x4A49,   // 0x17C0 (6080) pixels
0x73AF, 0xFFFF, 0xFFFF, 0xFFFF, 0xFFFF, 0xFFFF, 0xFFFF, 0xE75C, 0xB596, 0xCE7A, 0xFFFF, 0xFFFF, 0x94D3, 0x4A09, 0x62AB, 0x4A09,   // 0x17D0 (6096) pixels
0x8C72, 0xFFFF, 0xFFFF, 0xFFFF, 0xE77D, 0x73CF, 0xB576, 0xF7BE, 0xFFFF, 0xFFFF, 0xEFBE, 0xC619, 0x7BAF, 0x5A6B, 0x5A6B, 0x5A8B,   // 0x17E0 (6112) pixels
0x5AAB, 0x524A, 0x7B6F, 0xA556, 0x632D, 0x6B2E, 0x6B2E, 0x6B2E, 0x6B4E, 0x736E, 0x734E, 0x734E, 0x6B4E, 0x6B2E, 0x6B4E, 0x736E,   // 0x17F0 (6128) pixels
0x6B2E, 0x6B2E, 0x6B4E, 0x6B4E, 0x6B2E, 0x6B2E, 0x6B2D, 0x6B2D, 0x6B0D, 0x6B0D, 0x6B4E, 0x6B4E, 0x6B4E, 0x6B0D, 0x62CC, 0x5A8C,   // 0x1800 (6144) pixels
0x4A4A, 0x5229, 0x730D, 0x736E, 0x734E, 0x732E, 0x734D, 0x734E, 0x734E, 0x732E, 0x6B2D, 0x6B4E, 0x734E, 0x6B4E, 0x734E, 0x6B2E,   // 0x1810 (6160) pixels
0x6B4E, 0x6B6E, 0x734E, 0x736E, 0x736E, 0x736E, 0x732E, 0x6B2D, 0x6B4E, 0x734E, 0x6B4E, 0x6B2D, 0x6B2D, 0x62CB, 0x9D15, 0xCF1C,   // 0x1820 (6176) pixels
0xFFFF, 0xEFFF, 0xEFFF, 0xFFFF, 0xB618, 0x528B, 0x732D, 0x5A8B, 0x9CD3, 0xFFFF, 0xE7FF, 0xEFFF, 0xEFFF, 0xF7FF, 0xDF1C, 0xDEDB,   // 0x1830 (6192) pixels
0xDEFC, 0xDEFC, 0xD6DB, 0xDEFC, 0xE71C, 0xCE7A, 0xC639, 0xF79E, 0xFFFF, 0xFFFF, 0xF7FF, 0xFFFF, 0xE73C, 0xC639, 0xDEFB, 0xE75D,   // 0x1840 (6208) pixels
0xD71C, 0xF7DF, 0xFFFF, 0xFFFF, 0xFFFF, 0xFFFF, 0xFFFF, 0xFFFF, 0xFFFF, 0xFFFF, 0xFFFF, 0xDF3C, 0xA576, 0xCE9A, 0xE77D, 0xD6DB,   // 0x1850 (6224) pixels
0xE73D, 0xFFFF, 0xFFFF, 0xFFFF, 0xE75D, 0xE75D, 0xFFFF, 0xFFFF, 0xFFFF, 0xFFFF, 0xFFFF, 0xFFFF, 0xEF9E, 0xA576, 0xBDF7, 0xC659,   // 0x1860 (6240) pixels
0xBE39, 0xBDF8, 0xD6DB, 0xB596, 0x5AAC, 0x6B2D, 0x6B4E, 0x734E, 0x734E, 0x6B6E, 0x6B4E, 0x736F, 0x6B4E, 0x6B2E, 0x6B2E, 0x6B4E,   // 0x1870 (6256) pixels
0x6B4E, 0x6B4E, 0x734E, 0x6B0D, 0x6B0D, 0x6B0E, 0x630D, 0x6B0D, 0x6B0D, 0x6B2E, 0x6B2E, 0x6B4E, 0x734E, 0x6B0D, 0x62CC, 0x5A6B,   // 0x1880 (6272) pixels
0x4A4A, 0x526A, 0x6B2D, 0x736E, 0x734E, 0x732E, 0x732E, 0x734E, 0x734D, 0x6B2D, 0x6B4E, 0x734E, 0x6B4E, 0x6B4D, 0x734D, 0x6B4E,   // 0x1890 (6288) pixels
0x6B2D, 0x6B4E, 0x734E, 0x6B2D, 0x6B4E, 0x734E, 0x732D, 0x732E, 0x732D, 0x730D, 0x6B2D, 0x6B4E, 0x6B2D, 0x5A6A, 0x9CF4, 0xDF5D,   // 0x18A0 (6304) pixels
0xFFFF, 0xF7FF, 0xF7FF, 0xFFFF, 0xBE19, 0x528B, 0x732D, 0x5AAB, 0x9CD3, 0xFFFF, 0xE7FF, 0xE7FF, 0xEFFF, 0xEFFF, 0xC67A, 0xC618,   // 0x18B0 (6320) pixels
0xC639, 0xBE18, 0xB5F7, 0xBDF8, 0xB5D8, 0xEF9E, 0xFFFF, 0xFFFF, 0xFFFF, 0xFFFF, 0xFFFF, 0xFFFF, 0xFFFF, 0xFFFF, 0xC659, 0xB5B7,   // 0x18C0 (6336) pixels
0xB5F7, 0x8452, 0xB5F8, 0xFFFF, 0xFFFF, 0xFFFF, 0xFFFF, 0xFFFF, 0xFFFF, 0xFFFF, 0xFFFF, 0xFFFF, 0xF7FF, 0xADB7, 0x9CF4, 0xBE39,   // 0x18D0 (6352) pixels
0xFFFF, 0xFFFF, 0xFFFF, 0xFFFF, 0xFFFF, 0xFFFF, 0xB5D7, 0x9514, 0xC659, 0xFFFF, 0xFFFF, 0xFFFF, 0xFFFF, 0xFFFF, 0xD71C, 0xC69B,   // 0x18E0 (6368) pixels
0xCEFC, 0xCEDC, 0xEFFF, 0xB5D7, 0x5AAC, 0x6B4E, 0x6B4D, 0x734E, 0x736E, 0x736E, 0x6B4E, 0x6B2E, 0x734E, 0x6B4E, 0x6B2E, 0x6B2E,   // 0x18F0 (6384) pixels
0x6B4E, 0x6B2E, 0x732E, 0x6B2D, 0x6B2D, 0x6B0E, 0x6B4E, 0x6B4E, 0x6B2E, 0x6B0E, 0x6B4E, 0x6B4E, 0x6B4E, 0x6B0D, 0x5AAC, 0x5A8B,   // 0x1900 (6400) pixels
0x4A2A, 0x526A, 0x734E, 0x6B2E, 0x6B2E, 0x734E, 0x734E, 0x6B2D, 0x6B4E, 0x6B2D, 0x6B2D, 0x6B2D, 0x6B2E, 0x734E, 0x734D, 0x734E,   // 0x1910 (6416) pixels
0x6B4E, 0x6B2D, 0x6B2D, 0x6B2D, 0x6B2E, 0x6B2D, 0x6B2D, 0x732E, 0x732D, 0x6B0D, 0x6B0D, 0x732E, 0x6B2D, 0x62AB, 0x9D14, 0xDF5D,   // 0x1920 (6432) pixels
0xFFFF, 0xF7FF, 0xF7FF, 0xFFFF, 0xBE39, 0x5AAC, 0x734E, 0x628B, 0x9CD3, 0xFFFF, 0xEFFF, 0xEFFF, 0xFFFF, 0xF7FF, 0x6B2E, 0x49C8,   // 0x1930 (6448) pixels
0x5A4A, 0x524A, 0x526A, 0x5249, 0x4A29, 0x94F4, 0xB5D7, 0x9CF4, 0xB5D7, 0xF7FF, 0xFFFF, 0xFFFF, 0xFFFF, 0xFFFF, 0x94B3, 0x3987,   // 0x1940 (6464) pixels
0x49A7, 0x7B8E, 0xEF5D, 0xFFFF, 0xF7BE, 0xFFFF, 0xFFFF, 0xFFFF, 0xFFFF, 0xFFFF, 0xFFFF, 0xFFFF, 0xFFFF, 0xC639, 0x3967, 0x7B8F,   // 0x1950 (6480) pixels
0xFFFF, 0xFFFF, 0xFFFF, 0xFFFF, 0xE75D, 0x73D0, 0x4A4A, 0x4A6A, 0x528A, 0x8452, 0xF7DF, 0xFFFF, 0xFFFF, 0xFFFF, 0xBE18, 0x4A2A,   // 0x1960 (6496) pixels
0x5AAC, 0x524A, 0x8411, 0xADB7, 0x62EC, 0x6B4E, 0x6B4E, 0x6B2E, 0x734E, 0x734E, 0x6B4E, 0x6B2E, 0x6B4E, 0x6B4E, 0x6B4E, 0x732E,   // 0x1970 (6512) pixels
0x6B2D, 0x6B2E, 0x6B2E, 0x732E, 0x6B2E, 0x6B2E, 0x6B4E, 0x734E, 0x6B0E, 0x6AED, 0x6B2D, 0x6B6D, 0x6B2E, 0x6B0E, 0x62AC, 0x526B,   // 0x1980 (6528) pixels
0x524A, 0x524A, 0x732E, 0x6B2D, 0x6B2D, 0x734E, 0x6B2E, 0x6B2D, 0x732E, 0x732E, 0x6B2E, 0x6B0D, 0x732E, 0x734E, 0x734E, 0x734E,   // 0x1990 (6544) pixels
0x6B2E, 0x6B4E, 0x734E, 0x732E, 0x734E, 0x734E, 0x734E, 0x732E, 0x732E, 0x6B4D, 0x6B4E, 0x6B4E, 0x6B4E, 0x5ACB, 0x9D14, 0xDF5D,   // 0x19A0 (6560) pixels
0xFFFF, 0xF7FF, 0xF7FF, 0xFFFF, 0xBE39, 0x5AAC, 0x734D, 0x5AAB, 0x9CD3, 0xFFFF, 0xEFFF, 0xEFFF, 0xFFFF, 0xF7FF, 0x6B4E, 0x49E8,   // 0x19B0 (6576) pixels
0x5A6A, 0x5A6B, 0x5A6A, 0x5A6A, 0x5A8B, 0x49E9, 0x3987, 0x3987, 0x3167, 0x6B6E, 0xEFBE, 0xFFFF, 0xFFFF, 0xFFFF, 0xCE9A, 0x39C7,   // 0x19C0 (6592) pixels
0x8C51, 0xFFFF, 0xFFFF, 0x8472, 0x526A, 0x7BF0, 0xB5B7, 0xE75D, 0xFFFF, 0xFFFF, 0xFFFF, 0xFFFF, 0xFFFF, 0xFFFF, 0x9CD3, 0x8431,   // 0x19D0 (6608) pixels
0xFFFF, 0xFFFF, 0xFFFF, 0xFFFF, 0x6B4E, 0x3967, 0x628B, 0x5AAB, 0x5A8B, 0x3146, 0x7C32, 0xFFFF, 0xFFFF, 0xFFFF, 0xF7DF, 0x632D,   // 0x19E0 (6624) pixels
0x4A09, 0x5229, 0x734E, 0x9CF4, 0x630D, 0x6B2D, 0x6B4E, 0x734E, 0x734E, 0x6B2E, 0x6B4D, 0x6B2E, 0x6B2E, 0x6B4E, 0x6B4E, 0x6B2E,   // 0x19F0 (6640) pixels
0x6B0D, 0x6B0D, 0x6B2D, 0x6B2D, 0x6B0D, 0x6B2E, 0x6B2E, 0x6B2E, 0x6B2E, 0x6B0D, 0x6B2D, 0x6B2D, 0x6B2D, 0x6B0D, 0x6AEC, 0x528B,   // 0x1A00 (6656) pixels
0x526A, 0x5A6A, 0x732D, 0x734E, 0x734E, 0x6B4E, 0x6B2D, 0x6B4E, 0x6B4E, 0x734E, 0x734E, 0x6B2D, 0x732E, 0x734E, 0x6B2E, 0x734E,   // 0x1A10 (6672) pixels
0x736E, 0x6B4E, 0x736E, 0x6B2D, 0x6B2D, 0x6B4E, 0x6B6E, 0x732D, 0x732E, 0x6B4E, 0x6B2E, 0x6B4E, 0x6B4E, 0x5AAC, 0x9CF4, 0xD73C,   // 0x1A20 (6688) pixels
0xFFFF, 0xF7FF, 0xEFFF, 0xFFFF, 0xBE39, 0x5AAC, 0x6B2D, 0x5A8B, 0x9CD3, 0xFFFF, 0xE7FF, 0xEFFF, 0xF7FF, 0xEFFF, 0xCE79, 0xC638,   // 0x1A30 (6704) pixels
0xCE59, 0xCE59, 0xCE59, 0xCE79, 0xD67A, 0xD67A, 0xCE7A, 0xCE9A, 0xCE7A, 0xB5B7, 0xDF5D, 0xFFFF, 0xFFFF, 0xFFFF, 0xFFFF, 0xBE39,   // 0x1A40 (6720) pixels
0xE73D, 0xFFFF, 0xF7DF, 0xC659, 0xCE59, 0xC619, 0xC639, 0xE79E, 0xFFFF, 0xFFFF, 0xFFFF, 0xFFFF, 0xFFFF, 0xFFFF, 0xE75D, 0xDF1C,   // 0x1A50 (6736) pixels
0xFFFF, 0xFFFF, 0xFFFF, 0xF7BE, 0xC659, 0xCE7A, 0xCE9A, 0xCE7A, 0xC659, 0xBDD8, 0xC639, 0xFFFF, 0xFFFF, 0xFFFF, 0xFFFF, 0xC639,   // 0x1A60 (6752) pixels
0xB596, 0xB596, 0xC659, 0xA576, 0x62CC, 0x6B4E, 0x6B4E, 0x736E, 0x6B4E, 0x6B4E, 0x734E, 0x6B4E, 0x6B4E, 0x734E, 0x6B4E, 0x6B4D,   // 0x1A70 (6768) pixels
0x6B2D, 0x6B2D, 0x6B2E, 0x6B2D, 0x6B2D, 0x6B2E, 0x6B2D, 0x6B0D, 0x6B2E, 0x632E, 0x6B2E, 0x6B4E, 0x6B4D, 0x6B2D, 0x6B0D, 0x526B,   // 0x1A80 (6784) pixels
0x526B, 0x5229, 0x730D, 0x736E, 0x6B6E, 0x6B4D, 0x6B2E, 0x6B4E, 0x6B4E, 0x6B2E, 0x6B2D, 0x6B2D, 0x6B2D, 0x6B0D, 0x732E, 0x734E,   // 0x1A90 (6800) pixels
0x734E, 0x6B4E, 0x734D, 0x6B4D, 0x732E, 0x736E, 0x6B4E, 0x6B2D, 0x734E, 0x6B4D, 0x6B4D, 0x6B2E, 0x732D, 0x5AAB, 0x9D14, 0xDF3C,   // 0x1AA0 (6816) pixels
0xFFFF, 0xEFFF, 0xEFFF, 0xFFFF, 0xBE39, 0x5ACC, 0x734D, 0x628B, 0x9CD3, 0xF7FF, 0xE7FF, 0xE7FF, 0xEFFF, 0xF7FF, 0xDF1C, 0xCE9A,   // 0x1AB0 (6832) pixels
0xDEDB, 0xD6DB, 0xD6DB, 0xD6DB, 0xD69B, 0xD69B, 0xCEBB, 0xCEBB, 0xCEBB, 0xC659, 0xCE9A, 0xFFFF, 0xFFFF, 0xFFFF, 0xF7DF, 0xEF9E,   // 0x1AC0 (6848) pixels
0xFFFF, 0xFFFF, 0xD71C, 0xC659, 0xCE9A, 0xD69A, 0xCE7A, 0xBE18, 0xB5B6, 0xAD96, 0xB5F8, 0xF7DF, 0xFFFF, 0xFFFF, 0xFFFF, 0xEF9E,   // 0x1AD0 (6864) pixels
0xFFFF, 0xFFFF, 0xFFFF, 0xDF3D, 0xC639, 0xCE9B, 0xCEBB, 0xCEDB, 0xD6FC, 0xD71C, 0xCE9B, 0xE75D, 0xFFFF, 0xFFFF, 0xFFFF, 0xEFBF,   // 0x1AE0 (6880) pixels
0xCF1C, 0xD71C, 0xF7FF, 0xB5D7, 0x5AAB, 0x736F, 0x736F, 0x6B6F, 0x6B6E, 0x736E, 0x6B4E, 0x6B4E, 0x6B4E, 0x734E, 0x6B2E, 0x6B2E,   // 0x1AF0 (6896) pixels
0x6B2D, 0x6B0D, 0x6B2E, 0x6B4E, 0x6B2E, 0x6B4E, 0x6B4E, 0x6B0E, 0x6B2E, 0x6B2E, 0x6B2E, 0x6B4E, 0x736E, 0x6B0D, 0x628B, 0x5A6B,   // 0x1B00 (6912) pixels
0x526A, 0x5229, 0x730D, 0x734E, 0x734E, 0x734E, 0x732E, 0x734E, 0x6B2E, 0x6B2E, 0x732E, 0x736E, 0x734E, 0x6B0D, 0x6B4D, 0x734E,   // 0x1B10 (6928) pixels
0x734E, 0x6B4E, 0x734E, 0x732E, 0x734E, 0x734E, 0x734E, 0x6B4E, 0x6B4E, 0x734D, 0x736E, 0x6B4E, 0x6B2D, 0x5AAC, 0xA556, 0xDF5D,   // 0x1B20 (6944) pixels
0xFFFF, 0xF7FF, 0xF7FF, 0xFFFF, 0xC659, 0x5ACB, 0x734D, 0x5AAB, 0x9CD3, 0xFFFF, 0xEFFF, 0xEFFF, 0xFFFF, 0xFFFF, 0x632D, 0x3986,   // 0x1B30 (6960) pixels
0x4A09, 0x4A09, 0x4209, 0x4A29, 0x4A09, 0x4A09, 0x4A09, 0x4A09, 0x4A09, 0x3946, 0x7B6E, 0xFFFF, 0xFFFF, 0xFFFF, 0xBE18, 0xA575,   // 0x1B40 (6976) pixels
0xFFFF, 0xFFFF, 0x9CF4, 0x2905, 0x49E8, 0x49E8, 0x4A09, 0x49E9, 0x49E9, 0x41E9, 0x3967, 0x94D4, 0xFFFF, 0xFFFF, 0xEF9E, 0x9D56,   // 0x1B50 (6992) pixels
0xF7DE, 0xFFFF, 0xFFFF, 0xBE19, 0x3147, 0x49C8, 0x51E9, 0x5A2A, 0x524A, 0x524A, 0x3167, 0x94F4, 0xFFFF, 0xFFFF, 0xFFFF, 0x9CF4,   // 0x1B60 (7008) pixels
0x39A8, 0x49E9, 0x8C52, 0xADD7, 0x62CC, 0x6B2E, 0x6B4E, 0x736F, 0x736F, 0x734E, 0x6B2E, 0x6B4E, 0x6B4E, 0x6B2D, 0x6B0E, 0x6B0D,   // 0x1B70 (7024) pixels
0x632D, 0x6B0D, 0x6B2E, 0x6B2E, 0x630E, 0x6B0E, 0x6B0D, 0x6B2E, 0x6B4E, 0x6B4E, 0x632D, 0x6B2E, 0x734E, 0x6B0D, 0x5A8C, 0x5A8B,   // 0x1B80 (7040) pixels
0x526B, 0x5A4A, 0x6B2D, 0x6B4E, 0x734E, 0x732D, 0x6B4E, 0x6B2E, 0x6B4E, 0x734E, 0x734E, 0x6B4E, 0x6B4E, 0x734E, 0x6B4E, 0x6B4E,   // 0x1B90 (7056) pixels
0x734E, 0x734E, 0x736E, 0x734E, 0x736E, 0x732E, 0x6B4D, 0x6B6E, 0x734E, 0x6B2E, 0x6B2E, 0x734E, 0x6B4E, 0x5A8B, 0x9D14, 0xD71B,   // 0x1BA0 (7072) pixels
0xFFFF, 0xF7FF, 0xF7FF, 0xFFFF, 0xC65A, 0x5AAC, 0x6B2D, 0x5AAB, 0x9CB3, 0xFFFF, 0xF7FF, 0xF7FF, 0xFFFF, 0xF7FF, 0x8C92, 0x83AF,   // 0x1BB0 (7088) pixels
0x8C10, 0x8410, 0x8C31, 0x8C52, 0x8C51, 0x8C51, 0x8C52, 0x8C72, 0x9472, 0x7BAF, 0xA555, 0xFFFF, 0xFFFF, 0xFFFF, 0xBE39, 0xC679,   // 0x1BC0 (7104) pixels
0xFFFF, 0xFFFF, 0xC659, 0x8BF0, 0x9C92, 0x9493, 0x9493, 0x9C92, 0x9C93, 0x9493, 0x8C31, 0x9CB3, 0xFFFF, 0xFFFF, 0xF7DF, 0xB5F8,   // 0x1BD0 (7120) pixels
0xF79E, 0xFFFF, 0xFFFF, 0xEF7D, 0x8C72, 0x8C11, 0x8C11, 0x8C11, 0x8C11, 0x83F0, 0x730D, 0xA555, 0xFFFF, 0xFFFF, 0xFFFF, 0x9CF4,   // 0x1BE0 (7136) pixels
0x732D, 0x734E, 0x94B4, 0xADB6, 0x62EC, 0x732E, 0x734E, 0x738E, 0x736F, 0x6B4E, 0x6B2E, 0x6B4E, 0x6B2E, 0x6B2D, 0x6B0D, 0x6B0D,   // 0x1BF0 (7152) pixels
0x6B0D, 0x6AED, 0x6B2D, 0x630E, 0x630E, 0x62ED, 0x6B0D, 0x6B2E, 0x6B2D, 0x6B2D, 0x6B2D, 0x6B0D, 0x6B2D, 0x6B2E, 0x5AAC, 0x5A8B,   // 0x1C00 (7168) pixels
0x4A6A, 0x524A, 0x6B4D, 0x734E, 0x732E, 0x732E, 0x6B4D, 0x6B2D, 0x732E, 0x6B4E, 0x6B2E, 0x6B4E, 0x6B6E, 0x736E, 0x734E, 0x6B4E,   // 0x1C10 (7184) pixels
0x6B4E, 0x734E, 0x6B4E, 0x734E, 0x736E, 0x736E, 0x6B4E, 0x734E, 0x7B4E, 0x6B4E, 0x6B4D, 0x730D, 0x6B0D, 0x5ACB, 0x9D14, 0xCF1C,   // 0x1C20 (7200) pixels
0xFFFF, 0xF7FF, 0xF7FF, 0xFFFF, 0xBE39, 0x5AAC, 0x734D, 0x5AAB, 0x9493, 0xFFFF, 0xF7FF, 0xF7FF, 0xF7FF, 0xEFFF, 0xEFBE, 0xEF9E,   // 0x1C30 (7216) pixels
0xEF9E, 0xEF7E, 0xEF9E, 0xEFBE, 0xE79E, 0xE79E, 0xEF9E, 0xE79E, 0xEFBE, 0xE75D, 0xF7BE, 0xFFFF, 0xFFFF, 0xFFFF, 0xE77D, 0xF7BE,   // 0x1C40 (7232) pixels
0xFFFF, 0xFFFF, 0xFFFF, 0xE75D, 0xEF9E, 0xEF9E, 0xEF9E, 0xE77E, 0xE79E, 0xEF9E, 0xEF9E, 0xDF1C, 0xF7BE, 0xFFFF, 0xFFFF, 0xE77D,   // 0x1C50 (7248) pixels
0xF7BE, 0xFFFF, 0xFFFF, 0xFFFF, 0xE77D, 0xDF7D, 0xE7BE, 0xE77E, 0xEF9E, 0xEF9E, 0xE77E, 0xEFBE, 0xFFFF, 0xFFFF, 0xFFFF, 0xDF7D,   // 0x1C60 (7264) pixels
0xDF9E, 0xDF7E, 0xF7FF, 0xBDD7, 0x62AB, 0x7B4E, 0x6B4E, 0x6B4E, 0x734E, 0x6B4E, 0x6B4E, 0x6B4E, 0x6B4E, 0x6B2E, 0x6B2D, 0x6B0E,   // 0x1C70 (7280) pixels
0x6B0E, 0x6B0D, 0x6B0D, 0x6B0E, 0x6B0E, 0x6B0D, 0x6B0D, 0x6B2E, 0x6B2E, 0x630D, 0x6B0D, 0x6B0D, 0x6B2E, 0x6B0E, 0x5AAB, 0x526B,   // 0x1C80 (7296) pixels
0x4A6A, 0x524A, 0x732E, 0x736F, 0x6B4E, 0x6B2E, 0x6B4E, 0x6B2D, 0x6B0D, 0x6B4D, 0x6B4E, 0x6B4E, 0x734E, 0x6B4E, 0x6B4E, 0x734E,   // 0x1C90 (7312) pixels
0x734E, 0x734E, 0x6B2E, 0x6B4E, 0x734E, 0x736E, 0x736E, 0x734E, 0x734E, 0x734E, 0x734E, 0x6B2D, 0x6B0D, 0x5AAB, 0x9D34, 0xCF1C,   // 0x1CA0 (7328) pixels
0xF7FF, 0xF7FF, 0xF7FF, 0xFFFF, 0xBE39, 0x52AC, 0x734D, 0x62AB, 0x9493, 0xFFFF, 0xF7FF, 0xF7FF, 0xFFFF, 0xFFFF, 0x7C11, 0x5A8B,   // 0x1CB0 (7344) pixels
0x734E, 0x734E, 0x6B2D, 0x734E, 0x6B2D, 0x6B0D, 0x6B2D, 0x6B2D, 0x5AAC, 0x8C31, 0xFFFF, 0xFFFF, 0xFFFF, 0xBE39, 0x4A09, 0x8C31,   // 0x1CC0 (7360) pixels
0xFFFF, 0xFFFF, 0xFFFF, 0x8492, 0x526B, 0x6AED, 0x62EC, 0x5ACC, 0x62CC, 0x62EC, 0x524A, 0x73AF, 0xFFFF, 0xFFFF, 0xC639, 0x39C8,   // 0x1CD0 (7376) pixels
0x8452, 0xFFFF, 0xFFFF, 0xFFFF, 0xBE39, 0x5AAC, 0x6B0D, 0x6B2D, 0x6B4E, 0x6B2D, 0x5AED, 0xC67A, 0xFFFF, 0xFFFF, 0xADB7, 0x5ACC,   // 0x1CE0 (7392) pixels
0x738F, 0x634E, 0x9D15, 0xADB7, 0x62EC, 0x7B6E, 0x734E, 0x6B0D, 0x732E, 0x6B4D, 0x6B4D, 0x6B6E, 0x6B6E, 0x6B4E, 0x6B2E, 0x732E,   // 0x1CF0 (7408) pixels
0x6B2E, 0x6B0D, 0x6B0D, 0x6B2D, 0x6B2D, 0x6B2E, 0x6B2D, 0x6B2E, 0x6B0E, 0x6B2E, 0x6B2E, 0x6B0E, 0x6B4E, 0x6B0D, 0x62EC, 0x526B,   // 0x1D00 (7424) pixels
0x4A6A, 0x5A49, 0x730D, 0x734E, 0x6B4E, 0x7B2D, 0x732E, 0x6B4D, 0x6B2D, 0x6B2D, 0x6B4E, 0x6B2D, 0x732E, 0x734E, 0x6B4E, 0x734E,   // 0x1D10 (7440) pixels
0x732E, 0x732E, 0x734E, 0x6B4E, 0x734E, 0x7B4E, 0x7B4E, 0x6B6E, 0x736E, 0x734E, 0x734E, 0x734E, 0x734E, 0x5A8B, 0x9CF4, 0xD71C,   // 0x1D20 (7456) pixels
0xFFFF, 0xF7FF, 0xEFFF, 0xFFFF, 0xBE59, 0x5AAB, 0x732D, 0x5A6B, 0x9492, 0xFFFF, 0xFFFF, 0xF7FF, 0xF7FF, 0xFFFF, 0xC659, 0xBDB7,   // 0x1D30 (7472) pixels
0xD69A, 0xC639, 0xAD76, 0xBDB7, 0xC5D8, 0xC5F8, 0xBDF7, 0xB5D7, 0xB576, 0xDEFC, 0xFFFF, 0xFFFF, 0xFFFF, 0xD6FB, 0xC618, 0xD6DB,   // 0x1D40 (7488) pixels
0xFFFF, 0xFFFF, 0xFFFF, 0xE73D, 0xAD76, 0xB5B7, 0xBDF8, 0xC618, 0xC618, 0xB596, 0xA514, 0xCE9A, 0xFFFF, 0xFFFF, 0xD6FB, 0xB5B7,   // 0x1D50 (7504) pixels
0xBE38, 0xF7DF, 0xFFFF, 0xFFFF, 0xFFFF, 0xBDF8, 0xB597, 0xC639, 0xC618, 0xAD76, 0xA515, 0xE77D, 0xFFFF, 0xFFFF, 0xBE18, 0x9CD4,   // 0x1D60 (7520) pixels
0xA555, 0x9CF4, 0xBE19, 0xB5D7, 0x62EC, 0x734E, 0x736E, 0x736E, 0x6B4E, 0x6B4E, 0x736F, 0x736E, 0x6B4E, 0x6B0E, 0x6B2D, 0x732E,   // 0x1D70 (7536) pixels
0x730D, 0x6B2D, 0x6B2E, 0x6B2D, 0x6B2D, 0x6B2E, 0x6B2E, 0x6B0E, 0x6B2E, 0x6B4E, 0x734E, 0x6B2E, 0x6B2E, 0x632D, 0x62EC, 0x524B,   // 0x1D80 (7552) pixels
0x4A4A, 0x524A, 0x732D, 0x6B4E, 0x6B4E, 0x6B4E, 0x732E, 0x6B2D, 0x6B4E, 0x734E, 0x6B4D, 0x6B4D, 0x734E, 0x734E, 0x734E, 0x734E,   // 0x1D90 (7568) pixels
0x736E, 0x630D, 0x6B0D, 0x736E, 0x736E, 0x734E, 0x734E, 0x736E, 0x734E, 0x734E, 0x734E, 0x734E, 0x6B2E, 0x5A8B, 0x9CF4, 0xD71C,   // 0x1DA0 (7584) pixels
0xFFFF, 0xF7FF, 0xF7FF, 0xFFFF, 0xBE39, 0x4229, 0x5ACB, 0x4A2A, 0x8C31, 0xFFFF, 0xFFFF, 0xFFFF, 0xFFFF, 0xFFFF, 0xBE19, 0x9D14,   // 0x1DB0 (7600) pixels
0xBE39, 0xFFFF, 0xFFFF, 0xFFFF, 0xD6FB, 0xB618, 0xCEDB, 0xFFFF, 0xFFFF, 0xFFFF, 0xFFFF, 0xD6DB, 0x9CF4, 0xB5B6, 0xBE18, 0xBDD7,   // 0x1DC0 (7616) pixels
0x9CF4, 0xCE9B, 0xFFFF, 0xFFFF, 0xFFFF, 0xEFBE, 0xBE38, 0xB5D8, 0xB5B7, 0xDF3C, 0xFFFF, 0xFFFF, 0xE75D, 0x8CB3, 0x9D35, 0xBE18,   // 0x1DD0 (7632) pixels
0xAD76, 0x94B4, 0xCEDB, 0xFFFF, 0xFFFF, 0xFFFF, 0xE77E, 0xBE39, 0xBE19, 0xE77D, 0xFFFF, 0xFFFF, 0xDF1C, 0x9D35, 0xAD97, 0xBE39,   // 0x1DE0 (7648) pixels
0xBE39, 0xB5F8, 0xE77E, 0xBE18, 0x5ACC, 0x734E, 0x736F, 0x6B6F, 0x736E, 0x6B6E, 0x6B4E, 0x6B2E, 0x6B4E, 0x6B2E, 0x6B4E, 0x6B2E,   // 0x1DF0 (7664) pixels
0x6B2E, 0x6B0E, 0x6B2E, 0x6B2D, 0x6B0D, 0x6B2D, 0x6B2D, 0x6B0D, 0x6B2E, 0x6B4E, 0x6B2E, 0x6B0E, 0x6B0D, 0x6B0D, 0x5A8B, 0x524A,   // 0x1E00 (7680) pixels
0x524A, 0x524A, 0x6B0D, 0x734E, 0x6B2D, 0x6B2D, 0x734E, 0x6B4E, 0x734E, 0x734E, 0x6B6E, 0x6B4E, 0x734E, 0x734E, 0x734E, 0x6B4E,   // 0x1E10 (7696) pixels
0x6B4E, 0x6B4D, 0x6B4E, 0x736E, 0x736E, 0x6B4D, 0x6B4D, 0x6B6E, 0x736E, 0x6B4E, 0x6B4D, 0x734E, 0x6B2D, 0x5A8B, 0x9D15, 0xD73C,   // 0x1E20 (7712) pixels
0xFFFF, 0xF7FF, 0xF7FF, 0xFFFF, 0xE77E, 0xCE59, 0xD6BA, 0xD69A, 0xDF1C, 0xFFFF, 0xFFFF, 0xFFFF, 0xFFFF, 0xFFFF, 0xCE7A, 0xB5B7,   // 0x1E30 (7728) pixels
0xC659, 0xF7FF, 0xFFFF, 0xFFFF, 0xF7DF, 0xEF7E, 0xF7DF, 0xFFFF, 0xFFFF, 0xFFFF, 0xFFFF, 0xD6FC, 0xB5F8, 0xBE18, 0xC639, 0xC659,   // 0x1E40 (7744) pixels
0xB5F8, 0xD6FC, 0xFFFF, 0xFFFF, 0xFFFF, 0xFFFF, 0xE75D, 0xD6BB, 0xDEDB, 0xEFBE, 0xFFFF, 0xFFFF, 0xDF5D, 0xBE18, 0xC639, 0xCE59,   // 0x1E50 (7760) pixels
0xC639, 0xBDF8, 0xD71C, 0xFFFF, 0xFFFF, 0xFFFF, 0xF7FF, 0xDEDB, 0xD69A, 0xF7BF, 0xFFFF, 0xFFFF, 0xDF3D, 0xADB7, 0xB5F8, 0xC639,   // 0x1E60 (7776) pixels
0xC639, 0xB5F8, 0xD75D, 0xB5F7, 0x62AC, 0x6B4E, 0x6B4E, 0x736F, 0x736F, 0x734E, 0x6B0D, 0x6B2D, 0x736E, 0x6B4E, 0x6B2E, 0x6B4D,   // 0x1E70 (7792) pixels
0x6B4E, 0x6B0E, 0x6B2D, 0x6B2D, 0x6B0D, 0x6B0D, 0x6B0D, 0x6B0E, 0x6B2D, 0x6B2D, 0x6B0D, 0x630D, 0x632D, 0x6B2D, 0x62CC, 0x526A,   // 0x1E80 (7808) pixels
0x524A, 0x524A, 0x6B0D, 0x734E, 0x6B0D, 0x6B2D, 0x6B2D, 0x6B4E, 0x736E, 0x6B2E, 0x6B4E, 0x6B4E, 0x734E, 0x736E, 0x6B4E, 0x734E,   // 0x1E90 (7824) pixels
0x6B2E, 0x6B2D, 0x736E, 0x736E, 0x6B4E, 0x736E, 0x734E, 0x734E, 0x736E, 0x6B4E, 0x732E, 0x732E, 0x734E, 0x628B, 0x9D14, 0xCF1C,   // 0x1EA0 (7840) pixels
0xFFFF, 0xF7FF, 0xF7FF, 0xF7FF, 0xFFFF, 0xFFFF, 0xFFFF, 0xFFFF, 0xFFFF, 0xFFFF, 0xF7FF, 0xF7FF, 0xFFFF, 0xFFFF, 0xCE9A, 0xB5B6,   // 0x1EB0 (7856) pixels
0xBDD7, 0xA555, 0xA535, 0xAD56, 0xC639, 0xD6DB, 0xD6BA, 0xB5D7, 0xAD55, 0xA555, 0x9D14, 0xB596, 0xB5F8, 0xB5B7, 0xBDF8, 0xB5F8,   // 0x1EC0 (7872) pixels
0xB5F8, 0xADB7, 0xA535, 0xA576, 0xA535, 0xBDB7, 0xD6BB, 0xD6FC, 0xCE9A, 0xAD76, 0x9D14, 0x9CF4, 0xA535, 0xB5D7, 0xB5B7, 0xB5B7,   // 0x1ED0 (7888) pixels
0xB5D7, 0xBDD7, 0xAD76, 0x9CF4, 0x9D15, 0xAD76, 0xC659, 0xD6FC, 0xD6FC, 0xBDD7, 0xA535, 0x9D15, 0xA556, 0xB5B7, 0xB5D7, 0xBDF8,   // 0x1EE0 (7904) pixels
0xBE18, 0xB5B7, 0xCEDB, 0xB5D7, 0x62CC, 0x734E, 0x734E, 0x736E, 0x736F, 0x6B2E, 0x6B2E, 0x6B4E, 0x6B6E, 0x6B2E, 0x6B2D, 0x734E,   // 0x1EF0 (7920) pixels
0x6B2E, 0x6B0D, 0x6B2D, 0x6B2D, 0x6B0D, 0x6B0E, 0x6B2E, 0x6B2E, 0x6B2D, 0x6B0D, 0x6B0D, 0x6B4E, 0x6B0D, 0x6B0D, 0x62EC, 0x526A,   // 0x1F00 (7936) pixels
0x4A6A, 0x524A, 0x6B2E, 0x734E, 0x732D, 0x6B0D, 0x6B0D, 0x732E, 0x732E, 0x6B2E, 0x6B2D, 0x6B4E, 0x736E, 0x736E, 0x6B4E, 0x734E,   // 0x1F10 (7952) pixels
0x734E, 0x6B2E, 0x6B2D, 0x6B4E, 0x736E, 0x734E, 0x734E, 0x734E, 0x734E, 0x736E, 0x734E, 0x732D, 0x732D, 0x628B, 0x9CD3, 0xC6DB,   // 0x1F20 (7968) pixels
0xFFFF, 0xFFFF, 0xFFFF, 0xFFFF, 0xFFFF, 0xFFFF, 0xFFFF, 0xFFFF, 0xFFFF, 0xFFFF, 0xFFFF, 0xFFFF, 0xFFFF, 0xFFFF, 0xC69A, 0xB5B7,   // 0x1F30 (7984) pixels
0xC618, 0xBE18, 0xBE18, 0xC639, 0xC618, 0xBE39, 0xBE59, 0xBE38, 0xBE39, 0xC639, 0xBDF8, 0xBE18, 0xBE18, 0xC639, 0xC639, 0xC638,   // 0x1F40 (8000) pixels
0xC639, 0xBE18, 0xB618, 0xBE19, 0xC639, 0xBE18, 0xBE18, 0xBE18, 0xBE18, 0xBE18, 0xBE39, 0xBDF8, 0xBDF8, 0xBE18, 0xC618, 0xBE18,   // 0x1F50 (8016) pixels
0xBDF8, 0xBDF8, 0xBDF8, 0xBDF8, 0xBE19, 0xBE18, 0xBDF8, 0xB618, 0xBE18, 0xB5F8, 0xB5D7, 0xB5D8, 0xADD8, 0xB5D7, 0xBDD8, 0xBDF8,   // 0x1F60 (8032) pixels
0xADD7, 0xAD97, 0xDEFC, 0xBDF8, 0x5ACC, 0x6B4E, 0x736E, 0x736E, 0x734E, 0x6B4E, 0x6B6E, 0x736E, 0x734E, 0x6B2E, 0x6B2E, 0x6B4E,   // 0x1F70 (8048) pixels
0x6B2D, 0x6B2D, 0x6B2D, 0x632D, 0x6AED, 0x6B2E, 0x6B2E, 0x6B0D, 0x6B0D, 0x6B0D, 0x6B0D, 0x6B2D, 0x6B0D, 0x62EC, 0x6AEC, 0x62AC,   // 0x1F80 (8064) pixels
0x526A, 0x5A6A, 0x732E, 0x6B4E, 0x6B2E, 0x6B4E, 0x6B2D, 0x6B2D, 0x734E, 0x6B4E, 0x6B4E, 0x734E, 0x7B4E, 0x736E, 0x736E, 0x736E,   // 0x1F90 (8080) pixels
0x734E, 0x6B2D, 0x6B2D, 0x6B2E, 0x734E, 0x734E, 0x734E, 0x734E, 0x6B4D, 0x734D, 0x734E, 0x734E, 0x6B2D, 0x5A8B, 0xAD55, 0xE79E,   // 0x1FA0 (8096) pixels
0xEFFF, 0xEFDF, 0xEFFF, 0xEFFF, 0xF7FF, 0xFFFF, 0xFFFF, 0xFFFF, 0xFFFF, 0xF7FF, 0xEFDF, 0xE7DE, 0xEFFF, 0xEFDF, 0xDF3D, 0xDF5D,   // 0x1FB0 (8112) pixels
0xE77D, 0xDF5D, 0xDF3D, 0xDF5D, 0xDF3D, 0xDF3D, 0xDF5D, 0xE73D, 0xE75D, 0xDF5D, 0xDF5D, 0xDF3D, 0xDF3D, 0xDF5D, 0xDF5D, 0xDF3D,   // 0x1FC0 (8128) pixels
0xDF3D, 0xDF3D, 0xD73C, 0xD6FC, 0xDF1C, 0xDF1C, 0xDF1C, 0xDF1C, 0xDF1C, 0xDF3C, 0xDF3D, 0xDEFC, 0xDEFB, 0xDF1C, 0xE73D, 0xDF3C,   // 0x1FD0 (8144) pixels
0xDF3C, 0xDF3D, 0xDF3D, 0xDF3D, 0xDF5D, 0xDF5D, 0xDF5D, 0xDF3D, 0xE75D, 0xE75D, 0xDF3C, 0xDF3D, 0xDF7D, 0xDF5D, 0xDF5D, 0xDF5D,   // 0x1FE0 (8160) pixels
0xD75D, 0xDF3D, 0xFFFF, 0xBE18, 0x5AAB, 0x6B4E, 0x6B6E, 0x734E, 0x732D, 0x6B4E, 0x6B6E, 0x6B4E, 0x734E, 0x734E, 0x6B4E, 0x6B4E,   // 0x1FF0 (8176) pixels
0x6B2D, 0x6B0D, 0x6B2D, 0x6B2D, 0x6B0D, 0x6B2E, 0x6B0D, 0x6B2D, 0x6B0D, 0x6AED, 0x6B0D, 0x632D, 0x630D, 0x6B0D, 0x62AC, 0x5A8B,   // 0x2000 (8192) pixels
0x524A, 0x5A6A, 0x732D, 0x734E, 0x6B4E, 0x6B4E, 0x6B2E, 0x6B4E, 0x734E, 0x6B4E, 0x734E, 0x7B4E, 0x734E, 0x6B6D, 0x6B4E, 0x734E,   // 0x2010 (8208) pixels
0x6B2E, 0x730D, 0x734E, 0x6B4E, 0x734E, 0x734E, 0x734E, 0x734E, 0x6B4D, 0x734E, 0x736E, 0x734E, 0x6B2D, 0x62AB, 0xA534, 0xDF7D,   // 0x2020 (8224) pixels
0xBE39, 0xBDF8, 0xBE18, 0xBE39, 0xBE59, 0xC659, 0xC659, 0xC65A, 0xC639, 0xB618, 0xB5D8, 0xADB7, 0xADB7, 0xADB7, 0xBE18, 0xC618,   // 0x2030 (8240) pixels
0xBE18, 0xBE18, 0xBE18, 0xBE18, 0xC5F8, 0xC618, 0xC639, 0xBE39, 0xBE18, 0xBDF7, 0xB5D7, 0xB597, 0xB5B7, 0xB5D7, 0xB5D7, 0xBDF8,   // 0x2040 (8256) pixels
0xB5F7, 0xB5D7, 0xBDD7, 0xBDF7, 0xB5F7, 0xBDD7, 0xBDF8, 0xBDF8, 0xB5D7, 0xBDD7, 0xBDF8, 0xB5F8, 0xBDF7, 0xBDF7, 0xB5F8, 0xB618,   // 0x2050 (8272) pixels
0xB5F8, 0xB5D7, 0xBDF8, 0xB5F8, 0xBE18, 0xBE18, 0xC618, 0xBE18, 0xBE18, 0xC638, 0xBE18, 0xBDF8, 0xBE18, 0xBDF8, 0xB5F8, 0xB618,   // 0x2060 (8288) pixels
0xBE18, 0xBE18, 0xCE9A, 0x9D14, 0x62ED, 0x6B4E, 0x734E, 0x734E, 0x6B2D, 0x736E, 0x732E, 0x6B4E, 0x734E, 0x734E, 0x6B2E, 0x6B2D,   // 0x2070 (8304) pixels
0x6B2D, 0x6B0D, 0x6B0E, 0x6B0D, 0x6B0D, 0x6B0D, 0x6B0D, 0x6B4E, 0x6B2E, 0x6B0D, 0x630D, 0x630D, 0x6B2D, 0x6B0D, 0x62CB, 0x5A8B,   // 0x2080 (8320) pixels
0x526A, 0x5A6A, 0x732D, 0x734E, 0x734E, 0x6B4E, 0x6B4E, 0x734E, 0x734E, 0x6B4E, 0x6B6E, 0x734E, 0x734E, 0x6B2D, 0x736E, 0x734E,   // 0x2090 (8336) pixels
0x6B2D, 0x738E, 0x734D, 0x734E, 0x736E, 0x6B4E, 0x734E, 0x734E, 0x734E, 0x734E, 0x734E, 0x6B4E, 0x6B2D, 0x732E, 0x6B2D, 0x6B2D,   // 0x20A0 (8352) pixels
0x6B0D, 0x6AEC, 0x62CC, 0x6AEC, 0x62EC, 0x5ACC, 0x62CC, 0x62AC, 0x62AC, 0x5AAB, 0x5A8B, 0x5A6B, 0x5A8B, 0x5A8B, 0x5A8B, 0x5A6B,   // 0x20B0 (8368) pixels
0x5A8B, 0x5A8B, 0x5A8B, 0x5A8B, 0x5A6B, 0x5A6B, 0x5A8B, 0x526B, 0x526A, 0x526A, 0x526A, 0x524A, 0x522A, 0x526A, 0x5A6B, 0x526B,   // 0x20C0 (8384) pixels
0x5A8B, 0x526B, 0x526A, 0x528B, 0x5A8A, 0x5A8B, 0x526A, 0x526A, 0x5A8B, 0x5A8B, 0x5A8B, 0x528A, 0x5A8B, 0x5A6B, 0x5A8B, 0x5A8B,   // 0x20D0 (8400) pixels
0x5A8B, 0x5A6B, 0x5A8B, 0x5A8B, 0x5AAB, 0x5AAC, 0x5ACC, 0x5AAB, 0x5A8B, 0x5AAC, 0x5AAC, 0x5A8B, 0x5A8B, 0x62AC, 0x628B, 0x5A8B,   // 0x20E0 (8416) pixels
0x5A8B, 0x5A8B, 0x5AAB, 0x62CC, 0x6B2D, 0x6B2D, 0x6B4E, 0x6B4E, 0x6B4E, 0x734E, 0x734E, 0x6B4E, 0x6B4E, 0x6B4E, 0x6B4E, 0x6B4E,   // 0x20F0 (8432) pixels
0x6B4E, 0x6B2E, 0x732E, 0x6B2E, 0x6B2D, 0x6B2E, 0x6B2E, 0x632E, 0x630D, 0x630D, 0x632D, 0x6B2E, 0x6B0E, 0x62EC, 0x5ACB, 0x5A8B,   // 0x2100 (8448) pixels
0x4A4A, 0x5A6A, 0x730E, 0x732E, 0x732E, 0x6B2E, 0x6B4E, 0x6B4E, 0x732E, 0x732E, 0x6B4E, 0x736E, 0x734F, 0x6B2D, 0x734E, 0x734E,   // 0x2110 (8464) pixels
0x6B4D, 0x738E, 0x734E, 0x734E, 0x734E, 0x6B4E, 0x734E, 0x734E, 0x736E, 0x736E, 0x736E, 0x736E, 0x734E, 0x6B0D, 0x6B0D, 0x6B2D,   // 0x2120 (8480) pixels
0x6B2D, 0x732D, 0x6B0D, 0x630D, 0x6B0D, 0x6B0D, 0x6B0D, 0x6B0D, 0x6B0D, 0x630C, 0x630C, 0x6AED, 0x6B0D, 0x6B2D, 0x6B0D, 0x6B0D,   // 0x2130 (8496) pixels
0x6B0D, 0x6B0D, 0x6B2D, 0x6B0D, 0x6B0D, 0x6B2D, 0x630D, 0x6B0D, 0x6B0D, 0x630D, 0x6B0D, 0x630D, 0x630D, 0x6B0D, 0x6B0D, 0x6B2D,   // 0x2140 (8512) pixels
0x6B2D, 0x6B0D, 0x6B0D, 0x6B2D, 0x6B0D, 0x6B2D, 0x6B0D, 0x6AED, 0x732D, 0x732D, 0x6B0D, 0x6B2D, 0x6B2D, 0x730D, 0x730D, 0x6B2D,   // 0x2150 (8528) pixels
0x6B2D, 0x732D, 0x6B2D, 0x734E, 0x734E, 0x6B2E, 0x6B4E, 0x734E, 0x6B0D, 0x732D, 0x734E, 0x630D, 0x6B0D, 0x732E, 0x732E, 0x6B0D,   // 0x2160 (8544) pixels
0x6B0D, 0x6B2E, 0x6B4D, 0x630D, 0x6B0D, 0x734E, 0x6B4E, 0x6B4E, 0x6B4E, 0x6B4E, 0x6B2E, 0x6B4E, 0x6B4E, 0x736E, 0x736E, 0x6B4E,   // 0x2170 (8560) pixels
0x6B0E, 0x6B2E, 0x732D, 0x732E, 0x6B2E, 0x6B0D, 0x6B0E, 0x630D, 0x632D, 0x630D, 0x6B0D, 0x6B0D, 0x6B0D, 0x62EC, 0x628B, 0x5A6B,   // 0x2180 (8576) pixels
0x4A29, 0x526A, 0x730D, 0x6B2E, 0x6B2D, 0x734E, 0x734E, 0x732E, 0x734E, 0x6B4E, 0x6B4D, 0x736E, 0x732E, 0x6B4E, 0x6B4E, 0x6B4D,   // 0x2190 (8592) pixels
0x732D, 0x736D, 0x736E, 0x6B2D, 0x6B2E, 0x734E, 0x734D, 0x734E, 0x734E, 0x736E, 0x734E, 0x732E, 0x732E, 0x732D, 0x734E, 0x734E,   // 0x21A0 (8608) pixels
0x6B4D, 0x6B4E, 0x732E, 0x6B0D, 0x6B0D, 0x6B0D, 0x6B2D, 0x6B2D, 0x6B2D, 0x6B0D, 0x630D, 0x630D, 0x6B0D, 0x6B2D, 0x6B0D, 0x732D,   // 0x21B0 (8624) pixels
0x6B2D, 0x6B0D, 0x6B2D, 0x6B2D, 0x6B2D, 0x6B0D, 0x6B0D, 0x6B2E, 0x6B2D, 0x630D, 0x630D, 0x6B0D, 0x630D, 0x6B0D, 0x6B0D, 0x6B0D,   // 0x21C0 (8640) pixels
0x6B2D, 0x6B2D, 0x732D, 0x6B2D, 0x6B0D, 0x6B0D, 0x6B0D, 0x72ED, 0x6B0D, 0x6B0D, 0x6B0D, 0x6B0D, 0x732D, 0x732D, 0x6B0D, 0x6B2D,   // 0x21D0 (8656) pixels
0x6B2D, 0x6B2D, 0x6B2D, 0x734E, 0x734E, 0x6B4E, 0x6B2D, 0x6B2D, 0x6B2D, 0x6B0D, 0x6B2D, 0x632D, 0x630D, 0x6B4E, 0x734E, 0x6B2D,   // 0x21E0 (8672) pixels
0x6B4E, 0x6B4E, 0x6B2D, 0x6B4E, 0x6B4E, 0x6B4E, 0x6B4E, 0x734E, 0x6B4E, 0x6B4E, 0x736E, 0x736E, 0x6B4E, 0x6B4E, 0x6B2E, 0x6B2E,   // 0x21F0 (8688) pixels
0x6B2E, 0x6B2E, 0x6B0D, 0x6B0E, 0x6B2E, 0x6B0D, 0x6B0D, 0x6B2D, 0x6B2D, 0x6B0D, 0x6AED, 0x6AED, 0x6B2E, 0x6B2D, 0x62CC, 0x5A8B,   // 0x2200 (8704) pixels
0x526A, 0x628A, 0x732D, 0x6B4D, 0x6B4E, 0x6B4E, 0x6B2E, 0x732E, 0x6B2E, 0x6B4E, 0x6B4D, 0x734E, 0x734E, 0x6B4E, 0x734E, 0x732D,   // 0x2210 (8720) pixels
0x6B2E, 0x736E, 0x736E, 0x6B4D, 0x6B4E, 0x734E, 0x736E, 0x734E, 0x734E, 0x734E, 0x6B2D, 0x6B0D, 0x732D, 0x734D, 0x734E, 0x732E,   // 0x2220 (8736) pixels
0x734D, 0x6B2D, 0x6B0D, 0x6B0D, 0x6B0D, 0x6B0D, 0x6B0D, 0x6B0D, 0x6B0D, 0x6AED, 0x6B0D, 0x630D, 0x6B0D, 0x6B0D, 0x6B0D, 0x6B0D,   // 0x2230 (8752) pixels
0x6B0D, 0x6B0D, 0x630D, 0x6B0D, 0x6B2D, 0x6B0D, 0x6B0D, 0x6B0D, 0x6B0D, 0x6B0D, 0x6B0D, 0x6B0D, 0x630C, 0x630D, 0x6B0D, 0x6B2D,   // 0x2240 (8768) pixels
0x6B2D, 0x6B2D, 0x6B0D, 0x6B0D, 0x6B0D, 0x6B0D, 0x6AED, 0x6AED, 0x630D, 0x630D, 0x630D, 0x6B0D, 0x6B2D, 0x6B0D, 0x6B0D, 0x6B2D,   // 0x2250 (8784) pixels
0x6B0D, 0x732D, 0x732E, 0x6B4E, 0x6B4E, 0x734E, 0x6B2D, 0x630D, 0x6B0D, 0x630D, 0x6B0D, 0x6B2D, 0x6B2D, 0x6B2D, 0x6B2D, 0x6B2E,   // 0x2260 (8800) pixels
0x6B4D, 0x6B2D, 0x734E, 0x6B4E, 0x6B4E, 0x6B4E, 0x6B2E, 0x734E, 0x6B4E, 0x6B4E, 0x736F, 0x736E, 0x734E, 0x6B2D, 0x6B2E, 0x734F,   // 0x2270 (8816) pixels
0x6B4E, 0x6B2E, 0x6B2D, 0x6B2D, 0x632D, 0x6B2E, 0x6B2E, 0x6B2D, 0x6B2E, 0x6B2E, 0x6B0D, 0x6AED, 0x6B0D, 0x630D, 0x630C, 0x5AAB,   // 0x2280 (8832) pixels
0x526A, 0x5A8B, 0x6B2D, 0x6B4E, 0x736E, 0x6B4E, 0x6B2E, 0x6B0D, 0x6B4D, 0x6B4E, 0x6B0D, 0x6B4D, 0x736E, 0x6B4E, 0x732E, 0x734E,   // 0x2290 (8848) pixels
0x6B4E, 0x6B6E, 0x6B4E, 0x6B4E, 0x734E, 0x732E, 0x734E, 0x736E, 0x6B4D, 0x736D, 0x6B4D, 0x6B2D, 0x6B2D, 0x6B4E, 0x734E, 0x730D,   // 0x22A0 (8864) pixels
0x734E, 0x6B2D, 0x6B0D, 0x6B0D, 0x6B0D, 0x6AEC, 0x6AED, 0x6B0D, 0x6B0D, 0x6B0D, 0x6AED, 0x6AED, 0x6B0D, 0x6B0D, 0x6B0D, 0x630D,   // 0x22B0 (8880) pixels
0x6B0D, 0x62EC, 0x62EC, 0x6B0D, 0x6B2D, 0x6AED, 0x6AED, 0x630D, 0x6B0D, 0x6AED, 0x630D, 0x62ED, 0x62CC, 0x62EC, 0x630D, 0x630D,   // 0x22C0 (8896) pixels
0x6B2D, 0x6B2D, 0x630D, 0x6B0D, 0x6B0C, 0x6B0C, 0x6AEC, 0x62EC, 0x6B0D, 0x6B0D, 0x62ED, 0x6B0D, 0x6AED, 0x6AED, 0x62ED, 0x6AEC,   // 0x22D0 (8912) pixels
0x6AEC, 0x6B0D, 0x732E, 0x6B2E, 0x732E, 0x732E, 0x6B0D, 0x630D, 0x62EC, 0x6AED, 0x6B0D, 0x6B2D, 0x6B2D, 0x6B2D, 0x630D, 0x632D,   // 0x22E0 (8928) pixels
0x6B0D, 0x6AED, 0x734E, 0x6B4E, 0x6B4E, 0x6B4E, 0x6B4E, 0x6B4E, 0x6B4E, 0x6B4E, 0x736E, 0x736F, 0x6B2E, 0x6B2E, 0x6B4E, 0x6B6E,   // 0x22F0 (8944) pixels
0x734E, 0x6B2D, 0x6B2D, 0x6B0E, 0x6B0D, 0x6B4E, 0x6B4E, 0x6B4E, 0x6B2E, 0x6B2D, 0x6B2D, 0x6B0E, 0x630D, 0x5AEC, 0x62EC, 0x62AC,   // 0x2300 (8960) pixels
0x4A29, 0x5A4A, 0x6B2D, 0x730D, 0x734E, 0x6B6E, 0x734E, 0x6B2E, 0x6B4E, 0x732E, 0x6B4E, 0x6B4E, 0x6B4E, 0x734E, 0x734E, 0x736E,   // 0x2310 (8976) pixels
0x6B4E, 0x6B4E, 0x6B2D, 0x734D, 0x734E, 0x6B4E, 0x734E, 0x732E, 0x6B4D, 0x734D, 0x732D, 0x734D, 0x732E, 0x6B4E, 0x734E, 0x734E,   // 0x2320 (8992) pixels
0x734E, 0x6B2D, 0x62EC, 0x6AEC, 0x734E, 0x736E, 0x62ED, 0x6B0D, 0x6B0D, 0x6B0D, 0x736E, 0x736F, 0x630D, 0x6B0D, 0x6AEC, 0x734E,   // 0x2330 (9008) pixels
0x7B8F, 0x6B0D, 0x6AED, 0x630C, 0x6B0D, 0x7B6F, 0x7BAF, 0x738F, 0x62EC, 0x6AEC, 0x6B2D, 0x736E, 0x734E, 0x6ACC, 0x62EC, 0x6AED,   // 0x2340 (9024) pixels
0x732D, 0x734E, 0x62EC, 0x6AED, 0x62ED, 0x736E, 0x7BAF, 0x732E, 0x62EC, 0x62EC, 0x732E, 0x732E, 0x62CC, 0x6B2D, 0x736E, 0x62ED,   // 0x2350 (9040) pixels
0x62EC, 0x62EC, 0x6B0D, 0x6B2D, 0x6B0D, 0x6B0D, 0x6AED, 0x7B8F, 0x734E, 0x62CC, 0x62EC, 0x62EC, 0x632E, 0x736F, 0x6B0D, 0x630D,   // 0x2360 (9056) pixels
0x6B0D, 0x6B0D, 0x6B0D, 0x6B4E, 0x736E, 0x734E, 0x734E, 0x6B2E, 0x6B4E, 0x6B4E, 0x6B4E, 0x6B4E, 0x6B4E, 0x6B6E, 0x6B4E, 0x6B4E,   // 0x2370 (9072) pixels
0x6B4E, 0x6B4E, 0x6B4E, 0x6B2E, 0x6B2E, 0x6B4D, 0x736E, 0x6B4E, 0x6B2D, 0x6B2D, 0x6B2D, 0x6B2E, 0x630D, 0x5ACC, 0x62CC, 0x62AC,   // 0x2380 (9088) pixels
0x4A4A, 0x5A4A, 0x6B2E, 0x6B2E, 0x6B2D, 0x6B2E, 0x734E, 0x6B4E, 0x6B2E, 0x732E, 0x734E, 0x6B4E, 0x734E, 0x734E, 0x6B2E, 0x734E,   // 0x2390 (9104) pixels
0x6B4E, 0x6B2D, 0x730D, 0x6B4E, 0x6B6E, 0x6B6E, 0x6B2E, 0x732E, 0x734E, 0x732E, 0x736E, 0x734E, 0x734E, 0x734E, 0x6B4E, 0x6B4E,   // 0x23A0 (9120) pixels
0x734E, 0x6B0D, 0x6AED, 0x734D, 0x528A, 0x4208, 0x6B2D, 0x6AEC, 0x6B2D, 0x632D, 0x2924, 0x39C6, 0x738E, 0x630D, 0x736E, 0x4A49,   // 0x23B0 (9136) pixels
0x18A2, 0x5A8A, 0x736E, 0x736E, 0x5A8A, 0x18E3, 0x2124, 0x39C7, 0x736E, 0x734E, 0x630C, 0x20E3, 0x4A28, 0x7BAF, 0x630C, 0x6B0D,   // 0x23C0 (9152) pixels
0x62EC, 0x5AAA, 0x630D, 0x62ED, 0x634E, 0x4208, 0x2924, 0x62EC, 0x736E, 0x6B0D, 0x526A, 0x5AAB, 0x736E, 0x5AEC, 0x5269, 0x630D,   // 0x23D0 (9168) pixels
0x630D, 0x6AED, 0x6AED, 0x6B0D, 0x630D, 0x630D, 0x6B2D, 0x4A49, 0x526A, 0x6B0D, 0x6B0D, 0x630D, 0x630D, 0x5A8A, 0x62EC, 0x630D,   // 0x23E0 (9184) pixels
0x6B0D, 0x6B0D, 0x6AED, 0x6B2E, 0x6B4E, 0x736E, 0x6B4E, 0x6B4E, 0x734F, 0x734F, 0x6B4E, 0x6B4E, 0x6B4E, 0x6B4E, 0x6B4E, 0x6B2E,   // 0x23F0 (9200) pixels
0x6B0E, 0x6B2E, 0x6B4E, 0x6B2E, 0x6B0E, 0x630D, 0x6B4E, 0x734E, 0x6B4E, 0x6B4E, 0x6B2E, 0x6B2E, 0x6B4E, 0x62ED, 0x62CB, 0x528B,   // 0x2400 (9216) pixels
0x4A4A, 0x5A6A, 0x732E, 0x6B2E, 0x6B2E, 0x732E, 0x734E, 0x6B4E, 0x6B4E, 0x6B2D, 0x6B4E, 0x734E, 0x734E, 0x732D, 0x6B2E, 0x6B4E,   // 0x2410 (9232) pixels
0x734E, 0x6B4E, 0x6B4E, 0x734E, 0x734E, 0x732E, 0x6B4D, 0x6B4E, 0x734E, 0x734E, 0x6B4E, 0x6B4E, 0x6B4E, 0x6B2D, 0x6B4E, 0x734E,   // 0x2420 (9248) pixels
0x6B0D, 0x6AED, 0x6B0D, 0x7BAF, 0x2966, 0x0000, 0x5AAA, 0x734E, 0x6B6E, 0x2124, 0x10A1, 0x18E2, 0x41E7, 0x7BD0, 0x52CB, 0x0040,   // 0x2430 (9264) pixels
0x18E2, 0x18C2, 0x52AA, 0x7BB0, 0x5ACB, 0x31A6, 0x0020, 0x1082, 0x738E, 0x6B2D, 0x18A2, 0x2103, 0x2123, 0x4248, 0x736F, 0x736F,   // 0x2440 (9280) pixels
0x41E8, 0x10A2, 0x632D, 0x6B2D, 0x6B2D, 0x10A2, 0x0040, 0x10A1, 0x528A, 0x7BAF, 0x4A28, 0x1903, 0x738E, 0x2945, 0x1081, 0x734E,   // 0x2450 (9296) pixels
0x6B2D, 0x6B4E, 0x6B2E, 0x6B2E, 0x630D, 0x6B2E, 0x630D, 0x0000, 0x18E4, 0x738F, 0x630D, 0x734F, 0x526A, 0x0840, 0x5ACB, 0x6B2E,   // 0x2460 (9312) pixels
0x630D, 0x62ED, 0x6AED, 0x732E, 0x6B4E, 0x6B4E, 0x6B4E, 0x6B4E, 0x6B4E, 0x734E, 0x6B6E, 0x6B2E, 0x6B0D, 0x732E, 0x734E, 0x6B2E,   // 0x2470 (9328) pixels
0x630E, 0x6B0D, 0x6B2E, 0x6B0E, 0x6B0E, 0x6AED, 0x6B0D, 0x6B4E, 0x6B4E, 0x6B4E, 0x732E, 0x6B2E, 0x6B4E, 0x6B0D, 0x5AAB, 0x5A6B,   // 0x2480 (9344) pixels
0x4A4A, 0x5A6A, 0x734E, 0x734E, 0x6B4E, 0x6B4D, 0x734E, 0x6B4E, 0x6B2D, 0x6B4D, 0x6B4D, 0x6B2D, 0x734E, 0x6B2E, 0x6B2E, 0x734E,   // 0x2490 (9360) pixels
0x732D, 0x734E, 0x734E, 0x6B4E, 0x732E, 0x732E, 0x734E, 0x6B4E, 0x6B4E, 0x732D, 0x6B2D, 0x734E, 0x734E, 0x6B2D, 0x734E, 0x736E,   // 0x24A0 (9376) pixels
0x6B2D, 0x6B0D, 0x6B2D, 0x6B6E, 0x2124, 0x0000, 0x39E7, 0x738F, 0x734D, 0x0861, 0x4A48, 0x4248, 0x1081, 0x83F0, 0x31A7, 0x2144,   // 0x24B0 (9392) pixels
0x6B8D, 0x0000, 0x39A6, 0x738F, 0x738F, 0x5AAB, 0x0840, 0x52CB, 0x736F, 0x62EC, 0x0020, 0x5ACA, 0x31A6, 0x2124, 0x7B8F, 0x7B8F,   // 0x24C0 (9408) pixels
0x2103, 0x2103, 0x7BD0, 0x6B2E, 0x6B2D, 0x10A1, 0x4A69, 0x4A28, 0x0861, 0x632C, 0x73AE, 0x31A6, 0x1081, 0x0861, 0x4A49, 0x734E,   // 0x24D0 (9424) pixels
0x630D, 0x632C, 0x5AEC, 0x62EC, 0x6B2D, 0x6B2D, 0x736E, 0x10A2, 0x18E3, 0x738F, 0x630D, 0x7BAF, 0x2945, 0x0881, 0x7BCF, 0x6B4E,   // 0x24E0 (9440) pixels
0x62ED, 0x62ED, 0x62ED, 0x6B2E, 0x6B2D, 0x6B4E, 0x734E, 0x6B6E, 0x736E, 0x736E, 0x734E, 0x6B2E, 0x732E, 0x732E, 0x6B4E, 0x6B4E,   // 0x24F0 (9456) pixels
0x6B4E, 0x6B0D, 0x6B0D, 0x6B2D, 0x630D, 0x6B0D, 0x6B0D, 0x6B0D, 0x732E, 0x6B4E, 0x6B0E, 0x6B0E, 0x630D, 0x6B0D, 0x62CB, 0x5A6B,   // 0x2500 (9472) pixels
0x4A6A, 0x5A6A, 0x732E, 0x734E, 0x6B0D, 0x6B2E, 0x6B4E, 0x6B2D, 0x732D, 0x734E, 0x6B2D, 0x6B2D, 0x6B6E, 0x6B4E, 0x6B2D, 0x6B4D,   // 0x2510 (9488) pixels
0x6B4E, 0x734E, 0x734E, 0x6B2E, 0x736E, 0x734E, 0x734E, 0x734E, 0x734E, 0x732D, 0x732E, 0x734E, 0x734E, 0x6B4E, 0x6B2E, 0x734E,   // 0x2520 (9504) pixels
0x6B4E, 0x6B2D, 0x734E, 0x528A, 0x2103, 0x2944, 0x2944, 0x736E, 0x7B8F, 0x4228, 0x0020, 0x0000, 0x39E7, 0x8410, 0x39E8, 0x0881,   // 0x2530 (9520) pixels
0x18E2, 0x0020, 0x4207, 0x738F, 0x7BAF, 0x528B, 0x0000, 0x5ACA, 0x736E, 0x736F, 0x2985, 0x0040, 0x0020, 0x4269, 0x7BD0, 0x62EC,   // 0x2540 (9536) pixels
0x0000, 0x0820, 0x4A07, 0x6B6E, 0x6B4D, 0x18C2, 0x39C7, 0x7B8E, 0x0861, 0x526A, 0x7B8F, 0x630C, 0x0000, 0x2124, 0x83D0, 0x7B6E,   // 0x2550 (9552) pixels
0x41E7, 0x0020, 0x18C2, 0x2103, 0x5ACB, 0x6B4E, 0x7B8F, 0x2124, 0x18E3, 0x738F, 0x732F, 0x6B2D, 0x0861, 0x0000, 0x39E7, 0x6B6E,   // 0x2560 (9568) pixels
0x630D, 0x62ED, 0x630D, 0x6B4E, 0x6B6E, 0x734E, 0x734E, 0x6B4E, 0x736E, 0x6B4E, 0x6B4F, 0x6B6E, 0x6B4E, 0x6B4E, 0x6B4E, 0x6B4E,   // 0x2570 (9584) pixels
0x734E, 0x6B2D, 0x6B0D, 0x6B0E, 0x6B0E, 0x6B0D, 0x62ED, 0x62ED, 0x6B0D, 0x6B0D, 0x6B0D, 0x6B0E, 0x6B0D, 0x6B0D, 0x6AEC, 0x628B,   // 0x2580 (9600) pixels
0x526A, 0x5A8A, 0x730D, 0x734E, 0x6B4E, 0x6B2D, 0x734E, 0x6B2D, 0x6B2D, 0x6B4E, 0x6B4D, 0x734E, 0x734E, 0x6B4E, 0x6B4E, 0x736E,   // 0x2590 (9616) pixels
0x736E, 0x6B4E, 0x6B4E, 0x6B2D, 0x6B4E, 0x736E, 0x736E, 0x734E, 0x732E, 0x732E, 0x732E, 0x734E, 0x6B4E, 0x6B4E, 0x6B2E, 0x6B4E,   // 0x25A0 (9632) pixels
0x734D, 0x730D, 0x7B6F, 0x3186, 0x0000, 0x10A1, 0x0861, 0x6B2D, 0x738F, 0x2104, 0x4AA9, 0x3A27, 0x18C3, 0x83F0, 0x4A69, 0x0000,   // 0x25B0 (9648) pixels
0x52CA, 0x39E6, 0x2965, 0x7BAF, 0x526A, 0x738E, 0x4A49, 0x1081, 0x734E, 0x62ED, 0x10A1, 0x634C, 0x39E6, 0x2124, 0x8410, 0x39C7,   // 0x25C0 (9664) pixels
0x0881, 0x52AA, 0x0840, 0x4A69, 0x7BAF, 0x1081, 0x4A49, 0x4A8A, 0x0000, 0x5ACB, 0x7BB0, 0x39E7, 0x0000, 0x10A2, 0x6B2D, 0x736E,   // 0x25D0 (9680) pixels
0x528B, 0x39E8, 0x528A, 0x5AAB, 0x62EC, 0x6B2E, 0x7B8F, 0x18E3, 0x10A2, 0x736E, 0x736F, 0x4A6A, 0x0040, 0x52CA, 0x1081, 0x3186,   // 0x25E0 (9696) pixels
0x738F, 0x62ED, 0x6B2E, 0x736E, 0x736E, 0x6B4E, 0x6B6E, 0x736E, 0x734E, 0x6B4E, 0x736F, 0x6B4E, 0x6B6E, 0x6B4E, 0x6B4E, 0x734E,   // 0x25F0 (9712) pixels
0x732D, 0x6B2D, 0x630D, 0x6B0D, 0x6B0D, 0x630D, 0x630D, 0x62CC, 0x62ED, 0x6B0D, 0x6B2D, 0x6B0D, 0x6B0D, 0x6B0D, 0x62EC, 0x528B,   // 0x2600 (9728) pixels
0x4A4A, 0x526A, 0x6B0D, 0x732E, 0x734E, 0x6B4E, 0x6B4E, 0x6B0D, 0x6B2D, 0x6B6E, 0x6B4D, 0x6B2D, 0x734E, 0x734E, 0x6B4E, 0x734D,   // 0x2610 (9744) pixels
0x734E, 0x734E, 0x6B4E, 0x6B4E, 0x6B4E, 0x734D, 0x734E, 0x736E, 0x6B4E, 0x6B4D, 0x6B4E, 0x6B4E, 0x734E, 0x732D, 0x734D, 0x734D,   // 0x2620 (9760) pixels
0x734E, 0x732E, 0x6B6E, 0x1082, 0x1081, 0x52CA, 0x18E2, 0x31A6, 0x8410, 0x18C3, 0x2944, 0x2124, 0x1082, 0x7BCF, 0x630C, 0x1061,   // 0x2630 (9776) pixels
0x4207, 0x0840, 0x39C7, 0x83F0, 0x3186, 0x2923, 0x3186, 0x0840, 0x6B2D, 0x732D, 0x1061, 0x3185, 0x10A2, 0x2924, 0x83F0, 0x4208,   // 0x2640 (9792) pixels
0x18E2, 0x4228, 0x0000, 0x4A6A, 0x7BAF, 0x18A2, 0x0861, 0x0020, 0x3185, 0x7BD0, 0x4A49, 0x0000, 0x4A28, 0x2104, 0x10A2, 0x6B4D,   // 0x2650 (9808) pixels
0x6B0D, 0x6B4F, 0x6B4E, 0x6B2E, 0x6B0D, 0x6B2E, 0x7B8F, 0x2104, 0x18C3, 0x738F, 0x6B2E, 0x52AB, 0x18C2, 0x4207, 0x0840, 0x3186,   // 0x2660 (9824) pixels
0x738F, 0x62ED, 0x632D, 0x734E, 0x736E, 0x6B4D, 0x6B4E, 0x6B6E, 0x6B4E, 0x6B2E, 0x6B2E, 0x6B4E, 0x6B4E, 0x6B2E, 0x734E, 0x6B2E,   // 0x2670 (9840) pixels
0x6B2D, 0x6B0D, 0x6B0E, 0x6B2E, 0x6B0D, 0x630D, 0x630D, 0x6AEC, 0x6B0D, 0x6B0D, 0x6B0D, 0x6B0D, 0x630D, 0x630D, 0x62ED, 0x526B,   // 0x2680 (9856) pixels
0x4A2A, 0x4A2A, 0x6B4E, 0x6B2E, 0x6B0D, 0x734E, 0x6B4D, 0x630D, 0x6B2E, 0x732E, 0x734E, 0x736E, 0x6B2D, 0x6B2D, 0x6B2D, 0x6B2D,   // 0x2690 (9872) pixels
0x7B4E, 0x736E, 0x6B4E, 0x734D, 0x734E, 0x6B2D, 0x736E, 0x7B6E, 0x6B4E, 0x734E, 0x736E, 0x734E, 0x732D, 0x6B2D, 0x734E, 0x734D,   // 0x26A0 (9888) pixels
0x6B4E, 0x6B2E, 0x632D, 0x41E8, 0x632D, 0x8431, 0x5AEB, 0x4A49, 0x736F, 0x632C, 0x1061, 0x0841, 0x5AEC, 0x6B4E, 0x734E, 0x5ACB,   // 0x26B0 (9904) pixels
0x10A1, 0x2924, 0x6B4D, 0x6B2D, 0x734D, 0x4207, 0x1061, 0x4A28, 0x734E, 0x6B2D, 0x5AEC, 0x10A2, 0x18C3, 0x630C, 0x6B0D, 0x6B2D,   // 0x26C0 (9920) pixels
0x5AAA, 0x1081, 0x2944, 0x6B2D, 0x6B2D, 0x4A69, 0x1081, 0x2965, 0x6B4D, 0x736E, 0x4A28, 0x2945, 0x6B6E, 0x5AAB, 0x2944, 0x5ACB,   // 0x26D0 (9936) pixels
0x6B0D, 0x6B0D, 0x6B0D, 0x6B2D, 0x6B4D, 0x6B4E, 0x6B2D, 0x5A8A, 0x528A, 0x632D, 0x630D, 0x6B2E, 0x5AEC, 0x18C2, 0x18E3, 0x6B4E,   // 0x26E0 (9952) pixels
0x630D, 0x62ED, 0x6B2E, 0x734E, 0x6B6E, 0x6B4E, 0x6B4E, 0x6B4E, 0x6B4E, 0x6B4E, 0x6B4E, 0x6B6F, 0x6B4E, 0x6B2D, 0x734E, 0x6B0E,   // 0x26F0 (9968) pixels
0x6B2E, 0x6B0D, 0x62ED, 0x6B0E, 0x6B2D, 0x62ED, 0x62ED, 0x630D, 0x6B0E, 0x6B0E, 0x630D, 0x630D, 0x6B2D, 0x6B0D, 0x62EC, 0x526B,   // 0x2700 (9984) pixels
0x4A2A, 0x5209, 0x6B2D, 0x6B4E, 0x6B0D, 0x732D, 0x6B2D, 0x6B2D, 0x6B2D, 0x6B2D, 0x6B4E, 0x6B4E, 0x732E, 0x732D, 0x6B2D, 0x732E,   // 0x2710 (10000) pixels
0x732E, 0x736E, 0x734E, 0x734E, 0x734E, 0x6B2E, 0x6B4E, 0x736E, 0x736E, 0x734E, 0x734E, 0x734E, 0x6B2D, 0x6B2D, 0x6B2D, 0x732D,   // 0x2720 (10016) pixels
0x6B2E, 0x6B2D, 0x62EC, 0x7BAF, 0x7BD0, 0x630D, 0x738F, 0x6B4E, 0x62EC, 0x7BD0, 0x736E, 0x736E, 0x7BF0, 0x6B0D, 0x630D, 0x7BD0,   // 0x2730 (10032) pixels
0x7BCF, 0x8411, 0x6B6E, 0x62CC, 0x6B0D, 0x738E, 0x7BD0, 0x736E, 0x6B0C, 0x62ED, 0x6B4E, 0x738E, 0x73AF, 0x736F, 0x62EC, 0x6B0D,   // 0x2740 (10048) pixels
0x6B4E, 0x6B2D, 0x6B4E, 0x732D, 0x6B0D, 0x734E, 0x736E, 0x6B4E, 0x6B2D, 0x62EC, 0x6B0D, 0x736E, 0x6B0D, 0x6B2E, 0x6B4E, 0x62CC,   // 0x2750 (10064) pixels
0x6B0D, 0x6B2D, 0x6B2D, 0x734E, 0x734E, 0x6B2D, 0x6AED, 0x732E, 0x734E, 0x630D, 0x630D, 0x62ED, 0x6B0E, 0x6B2E, 0x736E, 0x630D,   // 0x2760 (10080) pixels
0x62ED, 0x6B4E, 0x6B6E, 0x6B4E, 0x6B4E, 0x6B4E, 0x6B6E, 0x734E, 0x734E, 0x6B6F, 0x6B4E, 0x6B6E, 0x6B2E, 0x6B2E, 0x6B4E, 0x6B2E,   // 0x2770 (10096) pixels
0x6B0E, 0x6B2E, 0x62ED, 0x62ED, 0x630D, 0x6AED, 0x6AED, 0x6B0D, 0x6B0D, 0x630D, 0x6B2E, 0x6B2D, 0x630D, 0x6B0D, 0x62EC, 0x526A,   // 0x2780 (10112) pixels
0x4209, 0x5229, 0x732E, 0x6B2E, 0x630D, 0x6B2D, 0x6B2D, 0x732D, 0x6B2E, 0x6B6E, 0x6B4E, 0x6B0D, 0x732E, 0x732E, 0x734E, 0x732E,   // 0x2790 (10128) pixels
0x6B2E, 0x6B4E, 0x734E, 0x734E, 0x6B4E, 0x734E, 0x734E, 0x734E, 0x734E, 0x6B4E, 0x6B4E, 0x734E, 0x732E, 0x6B4D, 0x734D, 0x732E,   // 0x27A0 (10144) pixels
0x6B2D, 0x6B2D, 0x6B2D, 0x734E, 0x3165, 0x0020, 0x4207, 0x738F, 0x62EC, 0x4A28, 0x736F, 0x6B6E, 0x4A28, 0x630C, 0x738F, 0x39E7,   // 0x27B0 (10160) pixels
0x0840, 0x39C6, 0x6B6E, 0x6B2D, 0x736E, 0x39C7, 0x2945, 0x6B2D, 0x6B2D, 0x738F, 0x39C7, 0x1061, 0x0861, 0x31C6, 0x7B8F, 0x6B0D,   // 0x27C0 (10176) pixels
0x632D, 0x732D, 0x732E, 0x6B4D, 0x6B2E, 0x6B0D, 0x6B2D, 0x6B0D, 0x6B0D, 0x730D, 0x6B0D, 0x6B0D, 0x732D, 0x630D, 0x630D, 0x732E,   // 0x27D0 (10192) pixels
0x732D, 0x732D, 0x6B2E, 0x6B2E, 0x732E, 0x734E, 0x732E, 0x6B2D, 0x6B2D, 0x6B4E, 0x6B2D, 0x630D, 0x62ED, 0x630D, 0x6B0D, 0x62ED,   // 0x27E0 (10208) pixels
0x6B2E, 0x736E, 0x6B4E, 0x6B4E, 0x734E, 0x736E, 0x6B4E, 0x734E, 0x736E, 0x734E, 0x6B4E, 0x6B6E, 0x734E, 0x734E, 0x6B4E, 0x6B4E,   // 0x27F0 (10224) pixels
0x732E, 0x6B2E, 0x630D, 0x62CD, 0x6AEE, 0x62ED, 0x62CC, 0x6AED, 0x62ED, 0x62ED, 0x6B0D, 0x6B0D, 0x62CD, 0x62CC, 0x62EC, 0x5A6B,   // 0x2800 (10240) pixels
0x4209, 0x526A, 0x6B0D, 0x6B0D, 0x6B2E, 0x6B2D, 0x6B2D, 0x6B2D, 0x6B4D, 0x6B4D, 0x6B4E, 0x6B4E, 0x6B4E, 0x6B4E, 0x736E, 0x734E,   // 0x2810 (10256) pixels
0x732D, 0x734E, 0x6B4E, 0x6B2E, 0x6B2E, 0x734E, 0x736E, 0x734E, 0x6B2D, 0x734E, 0x734E, 0x734E, 0x6B6E, 0x6B2E, 0x6B2D, 0x6B0D,   // 0x2820 (10272) pixels
0x6B0D, 0x6B0D, 0x7BAF, 0x39A6, 0x0020, 0x4228, 0x2103, 0x62CB, 0x7B6F, 0x2103, 0x52AA, 0x4A6A, 0x0860, 0x736E, 0x6B2D, 0x0020,   // 0x2830 (10288) pixels
0x31A6, 0x0861, 0x3186, 0x7BAF, 0x73AF, 0x2104, 0x0000, 0x6B2D, 0x6B2E, 0x6B4E, 0x5AEC, 0x4208, 0x0000, 0x31A6, 0x738F, 0x6B0D,   // 0x2840 (10304) pixels
0x630D, 0x6B0D, 0x732E, 0x6B2D, 0x6B2D, 0x6B4D, 0x732E, 0x732D, 0x734E, 0x6B2D, 0x6B0D, 0x6B0D, 0x730D, 0x734D, 0x6B4D, 0x6B4E,   // 0x2850 (10320) pixels
0x732E, 0x732E, 0x6B4E, 0x6B4D, 0x6B2D, 0x6B4E, 0x734E, 0x6B4E, 0x6B4E, 0x734E, 0x6B2D, 0x632D, 0x6B2D, 0x6B0D, 0x6B2E, 0x734E,   // 0x2860 (10336) pixels
0x732E, 0x6B4E, 0x6B4E, 0x6B4E, 0x6B4E, 0x734E, 0x6B4E, 0x736E, 0x734E, 0x732D, 0x734E, 0x6B4E, 0x734E, 0x734E, 0x6B4E, 0x734E,   // 0x2870 (10352) pixels
0x6B2D, 0x6B2D, 0x6B2E, 0x6AED, 0x72ED, 0x6AEE, 0x5ACC, 0x62CD, 0x62CD, 0x62CC, 0x62ED, 0x62ED, 0x62EC, 0x5ACC, 0x5AAC, 0x524A,   // 0x2880 (10368) pixels
0x4A09, 0x5249, 0x6B0D, 0x730D, 0x732E, 0x6B4E, 0x6B2D, 0x6B2E, 0x6B2D, 0x6B2D, 0x6B4D, 0x6B4E, 0x6B4E, 0x734E, 0x6B4D, 0x6B6E,   // 0x2890 (10384) pixels
0x6B2E, 0x6B2D, 0x734E, 0x732E, 0x6B2E, 0x6B2D, 0x6B4D, 0x6B4E, 0x734E, 0x732E, 0x734E, 0x734E, 0x732E, 0x6B0D, 0x632D, 0x6B0D,   // 0x28A0 (10400) pixels
0x6B0D, 0x6B0D, 0x738F, 0x39A7, 0x0000, 0x630B, 0x7BCF, 0x6B0D, 0x7B4E, 0x630C, 0x10A1, 0x0881, 0x52AA, 0x736F, 0x6B2D, 0x734E,   // 0x28B0 (10416) pixels
0x6B4D, 0x0000, 0x39C7, 0x738F, 0x7B8F, 0x4208, 0x1061, 0x6B2D, 0x6B2D, 0x6B0D, 0x83D0, 0x31A6, 0x10A1, 0x7BAF, 0x6B2D, 0x6B0D,   // 0x28C0 (10432) pixels
0x630D, 0x6B0D, 0x6B2D, 0x6B2E, 0x6B4D, 0x734E, 0x732E, 0x6B6D, 0x6B6E, 0x6B2E, 0x6B4D, 0x6B2D, 0x6B2E, 0x734E, 0x732D, 0x6B0D,   // 0x28D0 (10448) pixels
0x734E, 0x734E, 0x6B4E, 0x6B4E, 0x6B2D, 0x6B2D, 0x6B4E, 0x734E, 0x734D, 0x734E, 0x734E, 0x6B4E, 0x6B2D, 0x734E, 0x736E, 0x6B6F,   // 0x28E0 (10464) pixels
0x6B4E, 0x736E, 0x736E, 0x6B4E, 0x6B4E, 0x6B4E, 0x6B4E, 0x738E, 0x734E, 0x6B4E, 0x734E, 0x734E, 0x6B2E, 0x6B4E, 0x6B4E, 0x6B0E,   // 0x28F0 (10480) pixels
0x630D, 0x630D, 0x630D, 0x632D, 0x6B0D, 0x6AEE, 0x62ED, 0x62CC, 0x62ED, 0x5ACC, 0x5ACC, 0x62EC, 0x62EC, 0x5ACC, 0x5ACB, 0x524A,   // 0x2900 (10496) pixels
0x41E9, 0x524A, 0x6B0D, 0x6B0D, 0x6B0D, 0x6B0D, 0x6B0D, 0x6B0D, 0x6B2E, 0x6B2E, 0x6B6E, 0x6B2E, 0x6B2E, 0x732D, 0x6B2D, 0x6B4D,   // 0x2910 (10512) pixels
0x6B4E, 0x732E, 0x732E, 0x734D, 0x734E, 0x732D, 0x6B2E, 0x6B4E, 0x734E, 0x734D, 0x6B4E, 0x6B2E, 0x732E, 0x6B0D, 0x6B0D, 0x6B0D,   // 0x2920 (10528) pixels
0x6B0D, 0x6B0D, 0x6AED, 0x7B8F, 0x4A49, 0x0000, 0x39A6, 0x738E, 0x6B2D, 0x7BB0, 0x1082, 0x0861, 0x8410, 0x6B2E, 0x6B2E, 0x8431,   // 0x2930 (10544) pixels
0x18E3, 0x18E3, 0x738F, 0x6B2D, 0x7B6F, 0x4A28, 0x1081, 0x630D, 0x6B2D, 0x6B0D, 0x83F0, 0x4A49, 0x0020, 0x62EB, 0x736E, 0x6B0D,   // 0x2940 (10560) pixels
0x6B0D, 0x6B2D, 0x6B2D, 0x6B2D, 0x6B4D, 0x6B4E, 0x734E, 0x6B4D, 0x6B2D, 0x734E, 0x734E, 0x6B4E, 0x6B6E, 0x6B4D, 0x730D, 0x732E,   // 0x2950 (10576) pixels
0x734E, 0x734E, 0x734E, 0x734E, 0x732E, 0x734E, 0x734E, 0x736E, 0x6B4E, 0x6B2D, 0x734E, 0x6B4E, 0x6B2E, 0x6B2E, 0x732E, 0x734E,   // 0x2960 (10592) pixels
0x736F, 0x736E, 0x6B4E, 0x734E, 0x736E, 0x6B6E, 0x6B6E, 0x734E, 0x734E, 0x6B6F, 0x734F, 0x6B4E, 0x6B4E, 0x6B4E, 0x732E, 0x6B0E,   // 0x2970 (10608) pixels
0x632D, 0x6B0D, 0x6B0D, 0x632D, 0x630D, 0x62ED, 0x62ED, 0x62CD, 0x62ED, 0x62CD, 0x5ACC, 0x62ED, 0x5ACC, 0x5AAB, 0x62CC, 0x5A6B,   // 0x2980 (10624) pixels
0x4209, 0x4A2A, 0x6AED, 0x6B2D, 0x6B0D, 0x6B0D, 0x6AED, 0x6AED, 0x734E, 0x734E, 0x732D, 0x6B4E, 0x6B4E, 0x6B2E, 0x732E, 0x732E,   // 0x2990 (10640) pixels
0x734E, 0x734E, 0x734E, 0x6B4D, 0x734E, 0x734E, 0x6B2D, 0x6B2D, 0x734D, 0x734E, 0x734E, 0x732D, 0x6B0D, 0x6AED, 0x6AED, 0x6B0D,   // 0x29A0 (10656) pixels
0x6B0D, 0x6B0D, 0x6B2D, 0x528A, 0x6B4D, 0x7BCF, 0x0840, 0x4A28, 0x8C31, 0x4208, 0x1061, 0x10A1, 0x41E7, 0x7BB0, 0x7B8F, 0x4A49,   // 0x29B0 (10672) pixels
0x1081, 0x7BCF, 0x7B8F, 0x62ED, 0x7B8F, 0x4A29, 0x0861, 0x630C, 0x6B2D, 0x6B2D, 0x41E7, 0x738E, 0x31A6, 0x18C2, 0x738F, 0x6B0D,   // 0x29C0 (10688) pixels
0x6B2D, 0x6B2D, 0x6B0D, 0x6B0D, 0x6B0D, 0x6B0D, 0x6B2D, 0x6B0D, 0x732D, 0x734D, 0x6B2D, 0x6B2D, 0x732E, 0x732D, 0x732E, 0x6B2D,   // 0x29D0 (10704) pixels
0x6B2D, 0x736E, 0x734E, 0x6B4E, 0x736E, 0x736E, 0x6B4E, 0x734E, 0x734E, 0x734E, 0x6B4E, 0x736E, 0x6B4E, 0x6B2D, 0x734E, 0x736E,   // 0x29E0 (10720) pixels
0x736E, 0x6B4E, 0x6B4E, 0x732E, 0x6B4E, 0x6B4E, 0x6B6D, 0x6B4E, 0x6B2E, 0x6B4E, 0x6B4F, 0x6B4E, 0x734E, 0x6B4E, 0x6B2E, 0x6B2E,   // 0x29F0 (10736) pixels
0x6B2D, 0x630D, 0x630D, 0x630D, 0x62ED, 0x62ED, 0x62CD, 0x62CD, 0x62ED, 0x62CD, 0x62ED, 0x5ACC, 0x5AAB, 0x62AC, 0x62AC, 0x524B,   // 0x2A00 (10752) pixels
0x4209, 0x4A29, 0x6AEC, 0x6B0D, 0x6B2D, 0x6B0D, 0x6AED, 0x6B0D, 0x6B2D, 0x6B2D, 0x6B2D, 0x734E, 0x6B4E, 0x6B4E, 0x736E, 0x734E,   // 0x2A10 (10768) pixels
0x732D, 0x736E, 0x734E, 0x6B4E, 0x6B4D, 0x6B4E, 0x6B2D, 0x730D, 0x734E, 0x732E, 0x6B4E, 0x6B2D, 0x6AEC, 0x7BAF, 0x8452, 0x8C72,   // 0x2A20 (10784) pixels
0x7B8F, 0x630D, 0x736E, 0x4208, 0x0000, 0x18E3, 0x0840, 0x5AAB, 0x7BCF, 0x0840, 0x4A28, 0x630C, 0x0000, 0x630C, 0x734E, 0x0820,   // 0x2A30 (10800) pixels
0x0860, 0x4207, 0x630D, 0x6B2E, 0x736F, 0x4A6A, 0x18C2, 0x630C, 0x6B4E, 0x734E, 0x2944, 0x2103, 0x0860, 0x2945, 0x738F, 0x6B0D,   // 0x2A40 (10816) pixels
0x6B0D, 0x6B0D, 0x6B0D, 0x6B0D, 0x630D, 0x6B0D, 0x6B0D, 0x6B0D, 0x6B2D, 0x632D, 0x630D, 0x6B0C, 0x730D, 0x732E, 0x6B0D, 0x6B0D,   // 0x2A50 (10832) pixels
0x6B0D, 0x6B4E, 0x6B4E, 0x6B4E, 0x734D, 0x6B6E, 0x6B6E, 0x6B4E, 0x6B2E, 0x6B2D, 0x6B6E, 0x736E, 0x6B4E, 0x734E, 0x736E, 0x736E,   // 0x2A60 (10848) pixels
0x734E, 0x736E, 0x736E, 0x6B4E, 0x734E, 0x736E, 0x736E, 0x6B4E, 0x6B4E, 0x734E, 0x6B4E, 0x734E, 0x6B2E, 0x6B4E, 0x6B2E, 0x6B4E,   // 0x2A70 (10864) pixels
0x6B0D, 0x630D, 0x630D, 0x6B0D, 0x630D, 0x62ED, 0x5ACC, 0x5AED, 0x62ED, 0x62CD, 0x62ED, 0x5AAC, 0x5A8B, 0x62AC, 0x5AAC, 0x4A2A,   // 0x2A80 (10880) pixels
0x4209, 0x4A49, 0x6ACC, 0x6AED, 0x6B0D, 0x6B0D, 0x632D, 0x630D, 0x6B2D, 0x6B2E, 0x734E, 0x734E, 0x6B2D, 0x734E, 0x734E, 0x6B2D,   // 0x2A90 (10896) pixels
0x6B2D, 0x736E, 0x6B4E, 0x6B4E, 0x6B2E, 0x6B2D, 0x6B2D, 0x734D, 0x734D, 0x6B4E, 0x734E, 0x6B2D, 0x6B2D, 0x528A, 0x39E7, 0x31A6,   // 0x2AA0 (10912) pixels
0x5ACB, 0x736E, 0x6AEC, 0x6B0D, 0x39E8, 0x10A2, 0x4A49, 0x736E, 0x630C, 0x524A, 0x736E, 0x83D1, 0x4A49, 0x5ACB, 0x6B2D, 0x39E7,   // 0x2AB0 (10928) pixels
0x3A08, 0x4228, 0x62EC, 0x6B2E, 0x630D, 0x6B4E, 0x6B2D, 0x62ED, 0x6B0D, 0x6B0D, 0x6B6E, 0x39E8, 0x3186, 0x6B2D, 0x6B2E, 0x6B0D,   // 0x2AC0 (10944) pixels
0x734E, 0x7B8F, 0x736E, 0x630D, 0x62ED, 0x6B0D, 0x734E, 0x736E, 0x6B0D, 0x62ED, 0x6B0D, 0x6B0D, 0x736F, 0x6B4E, 0x630D, 0x630D,   // 0x2AD0 (10960) pixels
0x62EC, 0x6B2D, 0x734E, 0x736E, 0x736E, 0x734E, 0x6B4E, 0x6B6E, 0x734E, 0x6B2E, 0x6B4E, 0x736E, 0x6B4E, 0x736E, 0x736E, 0x734E,   // 0x2AE0 (10976) pixels
0x6B4E, 0x736E, 0x736E, 0x6B6F, 0x734E, 0x736E, 0x6B4E, 0x6B2E, 0x6B4E, 0x6B4E, 0x6B6E, 0x734E, 0x6B2E, 0x6B2D, 0x732E, 0x732E,   // 0x2AF0 (10992) pixels
0x6B0E, 0x632D, 0x62ED, 0x630D, 0x630C, 0x62ED, 0x5ACC, 0x62EC, 0x62ED, 0x62CD, 0x5ACD, 0x62AC, 0x628B, 0x62CC, 0x5AAB, 0x4A09,   // 0x2B00 (11008) pixels
0x4229, 0x4A49, 0x62EC, 0x730D, 0x6B0E, 0x6B2E, 0x630D, 0x62EC, 0x6B2D, 0x6B2E, 0x734E, 0x6B2D, 0x6B2D, 0x734E, 0x6B2E, 0x6B2E,   // 0x2B10 (11024) pixels
0x734E, 0x734E, 0x6B4E, 0x6B2E, 0x732E, 0x730D, 0x6B2E, 0x6B4E, 0x6B2D, 0x6B2D, 0x734E, 0x732E, 0x630D, 0x1082, 0x0000, 0x0000,   // 0x2B20 (11040) pixels
0x3165, 0x738E, 0x6ACC, 0x734E, 0x73AF, 0x738F, 0x734E, 0x6B0D, 0x6AED, 0x83F0, 0x632D, 0x62CB, 0x8411, 0x6B2D, 0x6B6E, 0x630D,   // 0x2B30 (11056) pixels
0x5ACB, 0x6B4D, 0x632D, 0x630D, 0x632D, 0x734E, 0x736E, 0x6B2D, 0x6AED, 0x6AEC, 0x6B2D, 0x738E, 0x7BF0, 0x6B2E, 0x62ED, 0x6B4E,   // 0x2B40 (11072) pixels
0x528A, 0x4A28, 0x526A, 0x6B0D, 0x6AED, 0x736F, 0x630D, 0x526A, 0x6B4E, 0x6B2E, 0x6B0D, 0x6B6E, 0x528A, 0x5AAB, 0x6B6F, 0x62EC,   // 0x2B50 (11088) pixels
0x62EC, 0x6B0D, 0x732D, 0x736E, 0x736E, 0x736E, 0x736E, 0x6B4E, 0x736F, 0x736E, 0x734E, 0x734E, 0x6B4E, 0x736E, 0x736E, 0x6B4E,   // 0x2B60 (11104) pixels
0x6B4E, 0x6B4E, 0x6B4E, 0x6B4E, 0x6B4E, 0x6B2E, 0x6B2E, 0x6B4E, 0x6B4E, 0x6B4E, 0x6B6E, 0x6B4E, 0x6B4E, 0x6B4E, 0x732E, 0x6B2E,   // 0x2B70 (11120) pixels
0x6B2E, 0x6B2D, 0x62ED, 0x62CD, 0x62ED, 0x62CC, 0x62ED, 0x62ED, 0x62ED, 0x62ED, 0x62CC, 0x5A8C, 0x62AC, 0x62CD, 0x5A6B, 0x522A,   // 0x2B80 (11136) pixels
0x4229, 0x526A, 0x62EC, 0x6B2D, 0x730E, 0x6B0E, 0x6B2D, 0x6B2D, 0x630D, 0x6B2D, 0x6B4E, 0x6B2E, 0x6B2E, 0x6B2D, 0x732E, 0x734E,   // 0x2B90 (11152) pixels
0x734E, 0x732E, 0x732E, 0x734E, 0x6B2D, 0x6B2D, 0x6B2E, 0x6B4E, 0x732E, 0x6B0D, 0x6B4E, 0x6B2E, 0x6B0D, 0x3186, 0x1903, 0x42AA,   // 0x2BA0 (11168) pixels
0x52AB, 0x734E, 0x630D, 0x39A6, 0x5269, 0x6B4D, 0x6B2D, 0x6B2E, 0x734E, 0x526A, 0x0840, 0x1080, 0x528A, 0x7BB0, 0x7BB0, 0x3186,   // 0x2BB0 (11184) pixels
0x0840, 0x0000, 0x4208, 0x7BAF, 0x7B8F, 0x3186, 0x0860, 0x6B2D, 0x6B2D, 0x6B0D, 0x6B4E, 0x1081, 0x2965, 0x738F, 0x630D, 0x7B8F,   // 0x2BC0 (11200) pixels
0x3185, 0x0020, 0x0000, 0x4A69, 0x7BF0, 0x62CC, 0x1081, 0x0000, 0x4228, 0x738F, 0x736E, 0x3186, 0x0020, 0x2123, 0x528A, 0x6B2E,   // 0x2BD0 (11216) pixels
0x6B0D, 0x6B2D, 0x6B2D, 0x734E, 0x734E, 0x6B6E, 0x736E, 0x6B4E, 0x734E, 0x734E, 0x6B2D, 0x6B4E, 0x736E, 0x734E, 0x6B4E, 0x6B6E,   // 0x2BE0 (11232) pixels
0x6B4E, 0x6B4E, 0x6B4E, 0x6B4E, 0x6B4E, 0x6B2E, 0x732E, 0x6B2E, 0x6B4E, 0x6B4E, 0x6B2E, 0x6B2E, 0x6B4E, 0x6B4E, 0x6B4E, 0x6B4E,   // 0x2BF0 (11248) pixels
0x6B2E, 0x6B2E, 0x6B2D, 0x6AED, 0x6AED, 0x6B0D, 0x6B2D, 0x62ED, 0x62ED, 0x62ED, 0x62CC, 0x5AAD, 0x62AC, 0x62CC, 0x5AAC, 0x4A2A,   // 0x2C00 (11264) pixels
0x4209, 0x522A, 0x62EC, 0x6B4E, 0x732E, 0x6B0D, 0x630D, 0x6B4E, 0x6B4E, 0x734E, 0x6B2D, 0x6B2D, 0x6B2D, 0x6B2D, 0x6B0D, 0x6B2D,   // 0x2C10 (11280) pixels
0x734E, 0x734E, 0x732E, 0x732E, 0x6B4D, 0x6B4E, 0x6B4E, 0x736E, 0x734E, 0x732E, 0x6B4E, 0x6B4E, 0x62ED, 0x738F, 0x7C10, 0x94D3,   // 0x2C20 (11296) pixels
0x7BD0, 0x62EC, 0x630C, 0x0820, 0x39A6, 0x736E, 0x630D, 0x6B0D, 0x736E, 0x1082, 0x39C6, 0x632B, 0x10A2, 0x738E, 0x6B4E, 0x7BAF,   // 0x2C30 (11312) pixels
0x39E7, 0x0040, 0x5ACB, 0x736E, 0x7B6F, 0x3165, 0x0000, 0x630D, 0x734E, 0x6B0D, 0x736E, 0x0881, 0x18C2, 0x738E, 0x6AED, 0x6B0D,   // 0x2C40 (11328) pixels
0x73AF, 0x31A6, 0x0840, 0x630C, 0x8411, 0x2925, 0x18C2, 0x634C, 0x0841, 0x62EC, 0x734E, 0x0000, 0x5AEB, 0x4AA9, 0x18C3, 0x73B0,   // 0x2C50 (11344) pixels
0x630D, 0x6B2D, 0x6B2E, 0x734E, 0x6B6E, 0x736E, 0x736E, 0x736E, 0x734E, 0x734E, 0x734E, 0x734E, 0x734E, 0x6B4E, 0x6B4E, 0x6B4E,   // 0x2C60 (11360) pixels
0x6B6E, 0x734E, 0x734E, 0x736E, 0x734E, 0x6B2E, 0x6B2D, 0x632E, 0x6B2E, 0x6B2D, 0x6B2E, 0x6B4E, 0x6B4E, 0x6B2E, 0x6B4E, 0x734E,   // 0x2C70 (11376) pixels
0x6B4E, 0x6B2E, 0x6B0D, 0x6B2E, 0x630D, 0x6B0E, 0x6B2E, 0x6B2D, 0x6ACD, 0x6AED, 0x630D, 0x62CD, 0x5AAC, 0x5AAB, 0x62AC, 0x522A,   // 0x2C80 (11392) pixels
0x4A09, 0x5209, 0x6AEC, 0x732E, 0x6B2D, 0x6B0D, 0x632D, 0x6B2D, 0x736E, 0x6B4E, 0x62ED, 0x630D, 0x6B2D, 0x6B0D, 0x6B0D, 0x6B0D,   // 0x2C90 (11408) pixels
0x6B2D, 0x6B4E, 0x6B2D, 0x732E, 0x6B4E, 0x6B4E, 0x6B4E, 0x734E, 0x736E, 0x736E, 0x736E, 0x6B6E, 0x630D, 0x4A4A, 0x5289, 0x5269,   // 0x2CA0 (11424) pixels
0x5AEC, 0x6B2D, 0x6B0D, 0x0861, 0x39A6, 0x7B6E, 0x6AED, 0x6B0D, 0x7B8F, 0x3166, 0x18C2, 0x2124, 0x1082, 0x6B4D, 0x632E, 0x7BB0,   // 0x2CB0 (11440) pixels
0x18A3, 0x2944, 0x83F0, 0x62CC, 0x6B4E, 0x528A, 0x1081, 0x630C, 0x6B2E, 0x62ED, 0x738F, 0x2965, 0x18E3, 0x73AF, 0x630D, 0x6AED,   // 0x2CC0 (11456) pixels
0x7B8F, 0x1082, 0x2965, 0x8BF1, 0x736F, 0x4A6A, 0x1081, 0x18C2, 0x1081, 0x6B2D, 0x738E, 0x2124, 0x2944, 0x10A2, 0x2124, 0x73B0,   // 0x2CD0 (11472) pixels
0x630D, 0x630D, 0x6B2D, 0x734E, 0x734E, 0x736E, 0x736E, 0x6B4E, 0x6B4E, 0x736E, 0x736E, 0x734E, 0x6B4E, 0x6B4E, 0x6B4E, 0x6B6E,   // 0x2CE0 (11488) pixels
0x736E, 0x6B4E, 0x6B4F, 0x6B4E, 0x734E, 0x6B4E, 0x6B4E, 0x734E, 0x6B4E, 0x6B4E, 0x6B4E, 0x6B4E, 0x6B4E, 0x6B2E, 0x6B2E, 0x6B2E,   // 0x2CF0 (11504) pixels
0x6B4E, 0x6B2D, 0x6B2E, 0x6B2E, 0x630D, 0x6B2E, 0x6B2E, 0x6B2E, 0x6B0D, 0x6B0D, 0x6B0D, 0x62CD, 0x5AAC, 0x5AAC, 0x5A8B, 0x522A,   // 0x2D00 (11520) pixels
0x4A2A, 0x522A, 0x730D, 0x730D, 0x6B0D, 0x6B0D, 0x732D, 0x6B2D, 0x6B2D, 0x6B2E, 0x630D, 0x6B0D, 0x732E, 0x6B4E, 0x6B2E, 0x732D,   // 0x2D10 (11536) pixels
0x6B4D, 0x6B2E, 0x6B2D, 0x6B2D, 0x6B2E, 0x6B2D, 0x6B2D, 0x6B2D, 0x734E, 0x736E, 0x736E, 0x734E, 0x6B2E, 0x18C3, 0x0000, 0x0000,   // 0x2D20 (11552) pixels
0x31A5, 0x7BCF, 0x6B4E, 0x1082, 0x39A6, 0x7BAF, 0x62ED, 0x630D, 0x6B2D, 0x736E, 0x39C7, 0x0000, 0x39E7, 0x736F, 0x630D, 0x7BD0,   // 0x2D30 (11568) pixels
0x528B, 0x1081, 0x5AAA, 0x734E, 0x6B4E, 0x4A4A, 0x1081, 0x630C, 0x632E, 0x630D, 0x736F, 0x2904, 0x18C3, 0x738F, 0x62ED, 0x62EC,   // 0x2D40 (11584) pixels
0x7BAF, 0x4229, 0x1081, 0x62EC, 0x7BB0, 0x52AB, 0x2124, 0x18E3, 0x18E3, 0x632D, 0x738F, 0x73AF, 0x2965, 0x0000, 0x5ACB, 0x736F,   // 0x2D50 (11600) pixels
0x630D, 0x630D, 0x6B4E, 0x736E, 0x734E, 0x734E, 0x6B4E, 0x6B4E, 0x6B4E, 0x734E, 0x734E, 0x736E, 0x736E, 0x736F, 0x736E, 0x736E,   // 0x2D60 (11616) pixels
0x6B4E, 0x6B4E, 0x6B4E, 0x6B4E, 0x6B4E, 0x6B2E, 0x6B2E, 0x732E, 0x6B2E, 0x6B4E, 0x6B4E, 0x6B4E, 0x6B4E, 0x6B2E, 0x6B2E, 0x6B2D,   // 0x2D70 (11632) pixels
0x6B2D, 0x6B2E, 0x6B2E, 0x630D, 0x62ED, 0x6B2D, 0x6B2E, 0x6B0D, 0x6B2E, 0x6B2E, 0x630D, 0x62ED, 0x62CD, 0x62CC, 0x5AAB, 0x4A0A,   // 0x2D80 (11648) pixels
0x4A0A, 0x524A, 0x6B0D, 0x734E, 0x6B2E, 0x6B0D, 0x6B0D, 0x6B2D, 0x6B2E, 0x6B2E, 0x6B0D, 0x6B0D, 0x732E, 0x6B4E, 0x732E, 0x732E,   // 0x2D90 (11664) pixels
0x6B2D, 0x6B4D, 0x6B4E, 0x6B2D, 0x630D, 0x6B2D, 0x6B0D, 0x6B0D, 0x6B0D, 0x734E, 0x736E, 0x734E, 0x6B2E, 0x2144, 0x0020, 0x0000,   // 0x2DA0 (11680) pixels
0x3185, 0x7BAF, 0x6B6E, 0x1082, 0x41E8, 0x8411, 0x736E, 0x6B0D, 0x62ED, 0x7B8F, 0x4A49, 0x0840, 0x6B2D, 0x734F, 0x62CC, 0x2924,   // 0x2DB0 (11696) pixels
0x6B4D, 0x2124, 0x2103, 0x738F, 0x734F, 0x4A4A, 0x0840, 0x5ACB, 0x6B0D, 0x6B0D, 0x7BAF, 0x2124, 0x10A2, 0x734D, 0x6B2E, 0x528A,   // 0x2DC0 (11712) pixels
0x2924, 0x736D, 0x18E3, 0x3186, 0x8C52, 0x2945, 0x2124, 0x7C0F, 0x0840, 0x4A49, 0x738F, 0x8411, 0x3186, 0x18C3, 0x7BF0, 0x630D,   // 0x2DD0 (11728) pixels
0x6B2D, 0x6B2E, 0x732E, 0x6B4E, 0x736E, 0x6B6E, 0x6B6E, 0x736E, 0x734E, 0x734E, 0x6B4E, 0x6B4E, 0x6B4E, 0x736E, 0x6B4E, 0x6B0D,   // 0x2DE0 (11744) pixels
0x6B0E, 0x6B0E, 0x6B2D, 0x6B4E, 0x6B4E, 0x6B4E, 0x6B4E, 0x6B6E, 0x6B4E, 0x6B4E, 0x6B4E, 0x6B4E, 0x6B4E, 0x6B4E, 0x6B4E, 0x6B2E,   // 0x2DF0 (11760) pixels
0x6B2E, 0x6B4E, 0x6B2E, 0x6B0D, 0x630D, 0x6B2D, 0x6B0D, 0x6B2E, 0x6B2E, 0x6B0D, 0x62ED, 0x6AED, 0x62CC, 0x5ACC, 0x5A8B, 0x4A09,   // 0x2E00 (11776) pixels
0x4229, 0x5249, 0x6AEC, 0x6B4E, 0x6B2D, 0x630C, 0x630D, 0x6B2E, 0x732D, 0x6B0D, 0x6AED, 0x6B0D, 0x6B2E, 0x6B2D, 0x6B0D, 0x6B2D,   // 0x2E10 (11792) pixels
0x6B0D, 0x6B0D, 0x6B0D, 0x6B2E, 0x6B2D, 0x6B2E, 0x6B2E, 0x6B0D, 0x6AED, 0x6B2E, 0x736E, 0x732D, 0x6B2D, 0x2965, 0x0040, 0x0000,   // 0x2E20 (11808) pixels
0x3185, 0x7BAF, 0x736E, 0x18E3, 0x0000, 0x2103, 0x20C2, 0x5269, 0x6B4E, 0x736F, 0x39A7, 0x31A6, 0x736E, 0x630D, 0x632E, 0x31A6,   // 0x2E30 (11824) pixels
0x1081, 0x0000, 0x4229, 0x734E, 0x6B2E, 0x5ACB, 0x3165, 0x5ACB, 0x6AED, 0x6B0D, 0x736E, 0x4208, 0x3186, 0x732D, 0x6B0D, 0x630D,   // 0x2E40 (11840) pixels
0x3186, 0x18C2, 0x18E2, 0x6B6E, 0x8C32, 0x62EC, 0x18E3, 0x0020, 0x18C3, 0x732E, 0x83F1, 0x8411, 0x4228, 0x4A6A, 0x736F, 0x630D,   // 0x2E50 (11856) pixels
0x6B0D, 0x6B2D, 0x734E, 0x734E, 0x736E, 0x6B2E, 0x630D, 0x6B2E, 0x6B2D, 0x6B2D, 0x630D, 0x630D, 0x630D, 0x6B0E, 0x6B0D, 0x630D,   // 0x2E60 (11872) pixels
0x62EE, 0x62ED, 0x630D, 0x630D, 0x6B4E, 0x6B4E, 0x6B4E, 0x6B4E, 0x6B4E, 0x6B2D, 0x6B2E, 0x6B4E, 0x6B2D, 0x6B2D, 0x6B4E, 0x6B2E,   // 0x2E70 (11888) pixels
0x6B2E, 0x6B4E, 0x6B2E, 0x6B0E, 0x6B2D, 0x630D, 0x630D, 0x630D, 0x630D, 0x62ED, 0x62CD, 0x62ED, 0x62ED, 0x5ACC, 0x5A4B, 0x4A0A,   // 0x2E80 (11904) pixels
0x4209, 0x4A09, 0x6AED, 0x6B4E, 0x6B2D, 0x630C, 0x62ED, 0x6B0D, 0x6B0D, 0x6AED, 0x62ED, 0x630D, 0x6B2D, 0x6B2D, 0x630D, 0x6B0D,   // 0x2E90 (11920) pixels
0x730D, 0x6B0D, 0x6B0D, 0x6B0D, 0x6B0D, 0x6B0D, 0x6B0D, 0x6B0D, 0x6B2D, 0x734E, 0x734E, 0x6B2E, 0x6B4E, 0x2145, 0x0020, 0x0000,   // 0x2EA0 (11936) pixels
0x31A6, 0x7BAF, 0x6B2E, 0x528A, 0x41E8, 0x5289, 0x4A29, 0x526A, 0x734E, 0x736F, 0x630D, 0x6B0D, 0x62ED, 0x62ED, 0x630D, 0x8411,   // 0x2EB0 (11952) pixels
0x630D, 0x5ACB, 0x6B4E, 0x5ACC, 0x736F, 0x7BD0, 0x83D0, 0x738F, 0x6B2E, 0x6B0D, 0x6B0D, 0x6B2E, 0x6B2D, 0x62EC, 0x62ED, 0x6B2E,   // 0x2EC0 (11968) pixels
0x8431, 0x39E7, 0x1081, 0x2944, 0x4228, 0x8431, 0x6B2E, 0x39C7, 0x738F, 0x83F0, 0x41C7, 0x18E3, 0x39E7, 0x736E, 0x7BB0, 0x62ED,   // 0x2ED0 (11984) pixels
0x62ED, 0x6B0D, 0x736E, 0x736E, 0x630D, 0x62ED, 0x7B8F, 0x732E, 0x62ED, 0x6B4E, 0x73B0, 0x6B6F, 0x630D, 0x62AD, 0x6B2E, 0x7BD0,   // 0x2EE0 (12000) pixels
0x7BD1, 0x7390, 0x62ED, 0x62ED, 0x6B2E, 0x6B4E, 0x6B2D, 0x6B0D, 0x6B2D, 0x6B2E, 0x632D, 0x632D, 0x6B2E, 0x6B2E, 0x6B2E, 0x6B2E,   // 0x2EF0 (12016) pixels
0x6B4E, 0x6B2E, 0x6B0E, 0x6B0E, 0x630D, 0x6B2D, 0x6B2D, 0x6B0D, 0x6AED, 0x62ED, 0x62EC, 0x630D, 0x6B0D, 0x62CC, 0x5A8B, 0x4A0A,   // 0x2F00 (12032) pixels
0x422A, 0x524A, 0x6B0D, 0x732E, 0x6B2D, 0x630D, 0x6AED, 0x6AED, 0x6B0D, 0x6B2D, 0x630D, 0x6B2D, 0x6B2D, 0x6AED, 0x62ED, 0x630D,   // 0x2F10 (12048) pixels
0x6B0D, 0x630D, 0x6B0D, 0x730E, 0x6B0E, 0x6B2D, 0x6B2E, 0x6B2E, 0x6B4E, 0x734E, 0x734E, 0x6B4E, 0x6B6E, 0x2986, 0x0040, 0x0000,   // 0x2F20 (12064) pixels
0x3185, 0x7BB0, 0x6B0D, 0x7BB0, 0x526A, 0x2944, 0x526A, 0x736F, 0x5AAC, 0x528A, 0x738E, 0x630D, 0x630D, 0x6B4E, 0x632D, 0x39A6,   // 0x2F30 (12080) pixels
0x4208, 0x4208, 0x526A, 0x738F, 0x526A, 0x2945, 0x3165, 0x2924, 0x5AAA, 0x736E, 0x736E, 0x6B2E, 0x630D, 0x62ED, 0x6AED, 0x7BAF,   // 0x2F40 (12096) pixels
0x41E7, 0x10A2, 0x4228, 0x39E7, 0x1081, 0x2944, 0x7BD0, 0x8411, 0x736E, 0x1061, 0x0861, 0x4248, 0x31E7, 0x10C2, 0x5AEC, 0x738F,   // 0x2F50 (12112) pixels
0x5ACC, 0x6B0D, 0x6B2E, 0x6B2D, 0x630D, 0x630D, 0x41E7, 0x62EC, 0x7390, 0x6B4E, 0x3186, 0x528A, 0x7BD0, 0x6B2E, 0x5AEC, 0x31A6,   // 0x2F60 (12128) pixels
0x2124, 0x4208, 0x6B6F, 0x62ED, 0x6B0D, 0x6B4E, 0x732E, 0x6B2E, 0x632E, 0x6B4E, 0x6B2E, 0x630D, 0x6B2E, 0x6B4E, 0x6B4E, 0x6B2E,   // 0x2F70 (12144) pixels
0x6B4E, 0x6B2E, 0x732E, 0x62ED, 0x6B0E, 0x6B2E, 0x6B2E, 0x6B0D, 0x6B0D, 0x630D, 0x630D, 0x6B0D, 0x62ED, 0x5AAB, 0x5A8B, 0x4A2A,   // 0x2F80 (12160) pixels
0x4A6A, 0x526A, 0x6B0D, 0x6B0D, 0x730E, 0x730E, 0x630D, 0x632D, 0x6B2D, 0x6B2D, 0x6B2D, 0x6B4E, 0x630D, 0x6B0D, 0x6B2D, 0x6B2E,   // 0x2F90 (12176) pixels
0x6B2E, 0x630D, 0x6B0D, 0x6B2E, 0x6B4E, 0x734E, 0x732E, 0x734E, 0x6B4D, 0x6B2D, 0x6B4E, 0x6B4E, 0x6B2E, 0x31A6, 0x0061, 0x0000,   // 0x2FA0 (12192) pixels
0x3165, 0x7BD0, 0x6B0E, 0x734F, 0x2125, 0x0000, 0x39E7, 0x7BF0, 0x4A6A, 0x0000, 0x4A28, 0x8C31, 0x31A6, 0x39E7, 0x7BCF, 0x2944,   // 0x2FB0 (12208) pixels
0x0000, 0x0861, 0x5AEB, 0x7BAF, 0x10A2, 0x0841, 0x31C6, 0x2965, 0x62EC, 0x528A, 0x20E3, 0x6B2D, 0x632E, 0x62ED, 0x734E, 0x5A6A,   // 0x2FC0 (12224) pixels
0x0020, 0x4228, 0x6B4D, 0x632C, 0x52CB, 0x10A2, 0x41C7, 0x8431, 0x18C3, 0x10C2, 0x632C, 0x2944, 0x52AA, 0x4A69, 0x1061, 0x6B2D,   // 0x2FD0 (12240) pixels
0x6B2E, 0x6AED, 0x6B0D, 0x6B0D, 0x6B2D, 0x6B4E, 0x18A1, 0x4208, 0x83F0, 0x2104, 0x0860, 0x1903, 0x52AB, 0x8432, 0x3186, 0x0040,   // 0x2FE0 (12256) pixels
0x31E7, 0x31A7, 0x6B6F, 0x6AED, 0x6AEC, 0x630D, 0x6B2E, 0x6B2E, 0x630D, 0x6B0E, 0x6B0E, 0x630D, 0x6B2D, 0x6B4E, 0x6B4E, 0x6B4E,   // 0x2FF0 (12272) pixels
0x6B2D, 0x6B2E, 0x6B2D, 0x630D, 0x6B0D, 0x730E, 0x6B0E, 0x62ED, 0x62EC, 0x62ED, 0x6AED, 0x630D, 0x62ED, 0x62CC, 0x5A6A, 0x522A,   // 0x3000 (12288) pixels
0x4A4A, 0x5229, 0x6B0D, 0x6B2D, 0x6B0D, 0x6B0D, 0x6B0D, 0x6B2E, 0x6B0D, 0x6B0D, 0x734E, 0x6B2D, 0x6B0D, 0x6B0D, 0x6B2D, 0x732E,   // 0x3010 (12304) pixels
0x6B0D, 0x632D, 0x6B4D, 0x6B4D, 0x6B4E, 0x732E, 0x6B2D, 0x6B4E, 0x6B4E, 0x6B2D, 0x6B4E, 0x6B2D, 0x734E, 0x31A6, 0x0060, 0x0000,   // 0x3020 (12320) pixels
0x31A5, 0x7BAF, 0x62ED, 0x630E, 0x6B4E, 0x2103, 0x52AA, 0x7BB0, 0x528A, 0x0000, 0x0000, 0x7BAE, 0x31A6, 0x18C3, 0x738F, 0x83F1,   // 0x3030 (12336) pixels
0x18C2, 0x3186, 0x83F1, 0x630D, 0x0861, 0x528A, 0x94B3, 0x8431, 0x738F, 0x4208, 0x0840, 0x5AEC, 0x632E, 0x630D, 0x7B6F, 0x2924,   // 0x3040 (12352) pixels
0x2965, 0x39C6, 0x0000, 0x0000, 0x18E3, 0x4248, 0x20E4, 0x5AEC, 0x1082, 0x5AEB, 0x2104, 0x0041, 0x3A08, 0x8C52, 0x18E3, 0x2966,   // 0x3050 (12368) pixels
0x738F, 0x6AED, 0x732E, 0x6B2D, 0x6AED, 0x6B4E, 0x2124, 0x4229, 0x738F, 0x0820, 0x5AEB, 0x39C6, 0x18E4, 0x8C53, 0x3187, 0x0000,   // 0x3060 (12384) pixels
0x4228, 0x632E, 0x734F, 0x6AED, 0x6AED, 0x62ED, 0x6B2E, 0x734E, 0x6B2D, 0x630D, 0x6B2D, 0x6B0D, 0x6B0E, 0x734E, 0x6B2E, 0x6B2E,   // 0x3070 (12400) pixels
0x6B4E, 0x6B4E, 0x632D, 0x630D, 0x630D, 0x6B0D, 0x6B2E, 0x630D, 0x62EC, 0x6AED, 0x62EC, 0x62EC, 0x62ED, 0x62CC, 0x524A, 0x4A09,   // 0x3080 (12416) pixels
0x4A2A, 0x522A, 0x6B0D, 0x730D, 0x6B0D, 0x632D, 0x732E, 0x6B2E, 0x6B0D, 0x6B0E, 0x6B0D, 0x6B0D, 0x6B2D, 0x6B0D, 0x6B2D, 0x6B2D,   // 0x3090 (12432) pixels
0x6B0D, 0x6B4D, 0x6B4E, 0x732E, 0x732E, 0x6B2E, 0x732E, 0x6B2D, 0x6B2D, 0x6B2D, 0x734E, 0x732E, 0x7B4E, 0x3186, 0x0000, 0x0000,   // 0x30A0 (12448) pixels
0x2944, 0x7B6E, 0x6B0D, 0x6B0D, 0x6B2D, 0x0861, 0x4208, 0x7BB0, 0x4A4A, 0x10C2, 0x18C2, 0x31A6, 0x4228, 0x20E3, 0x736E, 0x738F,   // 0x30B0 (12464) pixels
0x18C2, 0x3165, 0x7BD0, 0x632D, 0x10A2, 0x1081, 0x18E2, 0x39A6, 0x7BD0, 0x4229, 0x0841, 0x62ED, 0x632E, 0x62ED, 0x736F, 0x2124,   // 0x30C0 (12480) pixels
0x2965, 0x2985, 0x1082, 0x2123, 0x2164, 0x2965, 0x2144, 0x4A6A, 0x18C3, 0x52AA, 0x1061, 0x3A27, 0x6B4D, 0x8C32, 0x2945, 0x2104,   // 0x30D0 (12496) pixels
0x736F, 0x62ED, 0x6B6E, 0x6B2D, 0x62ED, 0x632E, 0x4A4A, 0x5AAC, 0x7BD0, 0x2986, 0x0020, 0x0020, 0x424A, 0x73B0, 0x5ACC, 0x2966,   // 0x30E0 (12512) pixels
0x1061, 0x1082, 0x62EC, 0x6B0E, 0x62ED, 0x62ED, 0x6B0D, 0x6B4E, 0x6B4E, 0x6B2D, 0x630D, 0x6B2E, 0x6B4E, 0x6B2E, 0x6B4E, 0x6B2E,   // 0x30F0 (12528) pixels
0x6B2E, 0x6B2E, 0x630E, 0x630E, 0x6B0E, 0x630D, 0x6B2E, 0x6B0D, 0x62ED, 0x62ED, 0x62ED, 0x62ED, 0x62CC, 0x5AAB, 0x4A4A, 0x4A0A,   // 0x3100 (12544) pixels
0x4A4A, 0x524A, 0x5ACC, 0x6B0D, 0x732D, 0x6B2D, 0x732E, 0x6B2E, 0x632D, 0x6B2D, 0x6B2D, 0x630D, 0x734E, 0x6B2D, 0x6B0D, 0x6B2E,   // 0x3110 (12560) pixels
0x6B2E, 0x734E, 0x6B2E, 0x732E, 0x6B2E, 0x6B2E, 0x6B0D, 0x732D, 0x734E, 0x6B4E, 0x6B2D, 0x732E, 0x6B2D, 0x31A7, 0x1124, 0x0000,   // 0x3120 (12576) pixels
0x18C2, 0x736E, 0x6B0D, 0x6B0D, 0x6B4E, 0x10A2, 0x4A28, 0x7BB0, 0x526A, 0x10A2, 0x5B0C, 0x2124, 0x0040, 0x2965, 0x738F, 0x734E,   // 0x3130 (12592) pixels
0x18A2, 0x2965, 0x7BB0, 0x630D, 0x18C3, 0x4207, 0x4228, 0x39C7, 0x7BCF, 0x4208, 0x0861, 0x734E, 0x6B6F, 0x630D, 0x734F, 0x39E8,   // 0x3140 (12608) pixels
0x10A1, 0x634D, 0x630D, 0x5AEC, 0x8450, 0x2944, 0x18C3, 0x73AF, 0x0882, 0x4228, 0x5ACB, 0x0040, 0x5AAA, 0x73AF, 0x0020, 0x4208,   // 0x3150 (12624) pixels
0x734E, 0x630D, 0x6B4E, 0x732D, 0x6AED, 0x62CD, 0x734F, 0x6B4E, 0x6B2D, 0x2124, 0x428A, 0x29C7, 0x31C7, 0x6B6F, 0x62EC, 0x7BAF,   // 0x3160 (12640) pixels
0x8C72, 0x1081, 0x31A7, 0x6B6F, 0x62ED, 0x62EC, 0x630D, 0x6B4E, 0x6B2E, 0x6B2E, 0x6B2E, 0x6B2E, 0x6B2E, 0x6B2E, 0x6B4E, 0x6B4E,   // 0x3170 (12656) pixels
0x6B2E, 0x6B2E, 0x630D, 0x630D, 0x630D, 0x6B2D, 0x6B2D, 0x630D, 0x62EE, 0x5AED, 0x6AED, 0x6AED, 0x62EC, 0x62CC, 0x524A, 0x4A09,   // 0x3180 (12672) pixels
0x4A2A, 0x5A8A, 0x62EC, 0x6B2D, 0x732E, 0x732E, 0x6B2D, 0x6B2E, 0x6B2E, 0x734E, 0x6B4E, 0x6B2D, 0x6B2D, 0x632D, 0x6B0D, 0x6B2D,   // 0x3190 (12688) pixels
0x6B2D, 0x6B4E, 0x6B4E, 0x632D, 0x6B4E, 0x6B4E, 0x6B2D, 0x6B2D, 0x6B2E, 0x6B4E, 0x6B4E, 0x6B2D, 0x6B0D, 0x4A6A, 0x3A49, 0x2186,   // 0x31A0 (12704) pixels
0x39A6, 0x630D, 0x62ED, 0x6B0D, 0x62EC, 0x0020, 0x39E7, 0x83F1, 0x526B, 0x0020, 0x632D, 0x5AEC, 0x0000, 0x18E3, 0x734E, 0x734F,   // 0x31B0 (12720) pixels
0x18A3, 0x2124, 0x738F, 0x630D, 0x0861, 0x39C7, 0x73AF, 0x62EC, 0x6B4E, 0x4A6A, 0x0040, 0x4A89, 0x528A, 0x52AB, 0x6B0D, 0x6B4F,   // 0x31C0 (12736) pixels
0x2104, 0x20E3, 0x6B6E, 0x738F, 0x41C7, 0x0000, 0x528A, 0x83F1, 0x4A4A, 0x0020, 0x4A28, 0x632C, 0x52AA, 0x0000, 0x18C3, 0x736E,   // 0x31D0 (12752) pixels
0x62ED, 0x6B0C, 0x732E, 0x6B2E, 0x6B2D, 0x62ED, 0x62ED, 0x630D, 0x6B2E, 0x0861, 0x3A28, 0x2965, 0x18C3, 0x7BD1, 0x4A29, 0x2123,   // 0x31E0 (12768) pixels
0x52A9, 0x0020, 0x4229, 0x734F, 0x62CC, 0x630D, 0x630D, 0x632D, 0x630D, 0x6B0D, 0x6B2D, 0x6B2E, 0x6B2E, 0x6B4E, 0x6B2E, 0x6B2E,   // 0x31F0 (12784) pixels
0x6B2D, 0x6B2D, 0x632E, 0x6B0D, 0x6B0D, 0x630D, 0x6AED, 0x62ED, 0x6B0E, 0x6B0D, 0x6AED, 0x62CC, 0x5ACC, 0x62CC, 0x5A6B, 0x4A09,   // 0x3200 (12800) pixels
0x41E9, 0x5AAA, 0x6B2D, 0x6B0D, 0x6B4E, 0x6B2E, 0x632D, 0x6B0D, 0x732E, 0x6B4E, 0x6B2D, 0x6B0D, 0x632D, 0x632D, 0x6B0D, 0x6B0D,   // 0x3210 (12816) pixels
0x6B0D, 0x6B2D, 0x6B4D, 0x6B0D, 0x732E, 0x734E, 0x6B4E, 0x6B4E, 0x6B4E, 0x6B4E, 0x6B4E, 0x734E, 0x6B2D, 0x62EC, 0x62EC, 0x738E,   // 0x3220 (12832) pixels
0x736E, 0x5AAC, 0x62ED, 0x736E, 0x31A7, 0x0000, 0x2944, 0x73AF, 0x62ED, 0x3186, 0x528A, 0x738F, 0x2945, 0x18E3, 0x6B2D, 0x6B0D,   // 0x3230 (12848) pixels
0x4A28, 0x4A49, 0x6B2D, 0x6B4E, 0x2965, 0x0000, 0x10A2, 0x18A2, 0x5AAA, 0x6B6E, 0x08A2, 0x0060, 0x18C2, 0x2123, 0x5AEB, 0x738F,   // 0x3240 (12864) pixels
0x738F, 0x2125, 0x0040, 0x18E3, 0x1061, 0x3A08, 0x738F, 0x6B4D, 0x7BAF, 0x4A69, 0x0881, 0x1081, 0x0020, 0x2124, 0x634E, 0x6B4E,   // 0x3250 (12880) pixels
0x62EC, 0x6B0D, 0x6B2E, 0x6B2D, 0x6B4D, 0x6B2E, 0x6B2D, 0x62ED, 0x736F, 0x528A, 0x0000, 0x0841, 0x52AB, 0x6B2E, 0x6B0D, 0x5AEB,   // 0x3260 (12896) pixels
0x10A1, 0x1904, 0x6B6F, 0x62ED, 0x62CC, 0x62ED, 0x630D, 0x630D, 0x6B2E, 0x6B2E, 0x6B0D, 0x6B2D, 0x6B4E, 0x6B4E, 0x6B2D, 0x630E,   // 0x3270 (12912) pixels
0x6B2E, 0x6B4E, 0x6B2E, 0x6B2E, 0x6B2D, 0x630D, 0x6B0D, 0x630D, 0x630D, 0x630D, 0x62ED, 0x5AEC, 0x62EC, 0x5ACC, 0x5A6B, 0x4A09,   // 0x3280 (12928) pixels
0x41E9, 0x5A8B, 0x632D, 0x6AED, 0x6B0E, 0x6B0E, 0x6B2E, 0x6B0D, 0x6B2D, 0x6B2E, 0x632D, 0x630D, 0x6B2D, 0x6B2E, 0x6B2E, 0x6B0D,   // 0x3290 (12944) pixels
0x6B2D, 0x6B4E, 0x6B2E, 0x6B2D, 0x6B2D, 0x6B4D, 0x6B4E, 0x6B2E, 0x734E, 0x6B4D, 0x6B2D, 0x6B4E, 0x6B2E, 0x6B0D, 0x6B0D, 0x62CC,   // 0x32A0 (12960) pixels
0x62ED, 0x6B2D, 0x632D, 0x6B2D, 0x5AAB, 0x4A69, 0x52AB, 0x630D, 0x6B2D, 0x6B4E, 0x62EC, 0x62EC, 0x630D, 0x630D, 0x62EC, 0x6B0D,   // 0x32B0 (12976) pixels
0x7BAF, 0x7B6F, 0x62ED, 0x6B2D, 0x630C, 0x4A6A, 0x52AB, 0x5ACB, 0x5ACC, 0x6B2D, 0x62EC, 0x528B, 0x5ACC, 0x5AEC, 0x6AED, 0x6AED,   // 0x32C0 (12992) pixels
0x6B4E, 0x736F, 0x5ACC, 0x5ACC, 0x6B6E, 0x736E, 0x6B2D, 0x632D, 0x6B2D, 0x738F, 0x634E, 0x52CB, 0x632D, 0x7BAF, 0x6B4E, 0x62EC,   // 0x32D0 (13008) pixels
0x6B0D, 0x630D, 0x6B2E, 0x6B4E, 0x6B2D, 0x6B2D, 0x6B4E, 0x6B0E, 0x62CC, 0x732E, 0x62ED, 0x630D, 0x6B4E, 0x62EC, 0x62CD, 0x6B2F,   // 0x32E0 (13024) pixels
0x62ED, 0x6B0E, 0x62ED, 0x62ED, 0x630D, 0x6B2D, 0x6B0D, 0x62ED, 0x6B0D, 0x6B2E, 0x6B2D, 0x6B2D, 0x6B2D, 0x6B2D, 0x6B2E, 0x6B2E,   // 0x32F0 (13040) pixels
0x6B2E, 0x6B2E, 0x6B2D, 0x630D, 0x630D, 0x630D, 0x6B0D, 0x6B2E, 0x62ED, 0x62EC, 0x5ACC, 0x62EC, 0x630D, 0x5A8C, 0x4A2A, 0x4A0A,   // 0x3300 (13056) pixels
0x4A09, 0x522A, 0x62CC, 0x6B0C, 0x6B0D, 0x6B2E, 0x6B2E, 0x6B2E, 0x6B2D, 0x6B2E, 0x6B2E, 0x6B0D, 0x6B2D, 0x6B2E, 0x6B4E, 0x732E,   // 0x3310 (13072) pixels
0x732E, 0x6B4D, 0x6B2E, 0x6B4D, 0x632D, 0x6B2D, 0x730D, 0x6B0D, 0x6B2D, 0x6B2D, 0x6B2E, 0x732E, 0x730D, 0x6B0D, 0x6B2E, 0x6B2D,   // 0x3320 (13088) pixels
0x6B4D, 0x6B2E, 0x6B0E, 0x6B0D, 0x6B0D, 0x6B4E, 0x630D, 0x62EC, 0x630D, 0x6AED, 0x6B0D, 0x6B0D, 0x6B0D, 0x6B2D, 0x6B2D, 0x734E,   // 0x3330 (13104) pixels
0x734E, 0x6B2E, 0x734E, 0x6B2E, 0x6B2E, 0x6B4E, 0x6B2E, 0x62ED, 0x62CC, 0x630C, 0x6B0D, 0x732E, 0x732E, 0x6B0D, 0x6AED, 0x6B0D,   // 0x3340 (13120) pixels
0x630D, 0x62ED, 0x730E, 0x6B2E, 0x6B0D, 0x732E, 0x6B4E, 0x6B2D, 0x6B2D, 0x632D, 0x6B2E, 0x734E, 0x732E, 0x6B0D, 0x6B0D, 0x62ED,   // 0x3350 (13136) pixels
0x6B0D, 0x6B4D, 0x6B4D, 0x6B4E, 0x6B2D, 0x732D, 0x6B2D, 0x632D, 0x630D, 0x62EC, 0x6B0E, 0x630E, 0x62ED, 0x630D, 0x62ED, 0x6AED,   // 0x3360 (13152) pixels
0x6B0D, 0x62CD, 0x62EC, 0x6B2D, 0x6B4E, 0x6B4E, 0x6B4E, 0x630D, 0x6ACD, 0x62ED, 0x630E, 0x6B2D, 0x6B0D, 0x6B0D, 0x730E, 0x6B2E,   // 0x3370 (13168) pixels
0x6B2E, 0x6B0D, 0x630D, 0x630D, 0x6B0D, 0x630D, 0x62ED, 0x630D, 0x630D, 0x5ACC, 0x5AAC, 0x62CD, 0x62ED, 0x5AAC, 0x524A, 0x4A2A,   // 0x3380 (13184) pixels
0x41E9, 0x526A, 0x6B2D, 0x6AEB, 0x6B0C, 0x6B2D, 0x6B0D, 0x6B0D, 0x732D, 0x732E, 0x6B0D, 0x6B0D, 0x6B0E, 0x6B2E, 0x6B2D, 0x732D,   // 0x3390 (13200) pixels
0x732E, 0x6B2D, 0x6B2D, 0x6B2E, 0x6B2E, 0x6B0E, 0x6B2D, 0x6B2D, 0x630D, 0x6B0D, 0x6B4D, 0x6B2D, 0x6B0D, 0x6B0D, 0x6B2E, 0x6B2D,   // 0x33A0 (13216) pixels
0x6B4D, 0x6B4D, 0x6B2D, 0x6B2D, 0x6B0D, 0x730D, 0x6B0D, 0x630D, 0x6B2E, 0x6B2E, 0x632D, 0x632D, 0x6B2D, 0x6B2D, 0x6B4E, 0x6B4E,   // 0x33B0 (13232) pixels
0x6B2E, 0x6B4E, 0x6B4E, 0x6B4E, 0x6B4E, 0x6B4E, 0x734E, 0x734D, 0x6B4E, 0x6B6E, 0x6B2D, 0x6B2D, 0x6B6D, 0x6B4D, 0x6B2D, 0x6B2E,   // 0x33C0 (13248) pixels
0x732E, 0x6B2D, 0x632D, 0x6B4D, 0x6B2D, 0x732E, 0x6B2D, 0x6B2D, 0x6B4E, 0x6B4D, 0x6B4D, 0x6B4E, 0x6B2D, 0x6B2D, 0x6B2D, 0x6B2D,   // 0x33D0 (13264) pixels
0x6B2E, 0x6B2D, 0x6B2D, 0x6B4D, 0x6B4D, 0x6B2E, 0x6B2E, 0x6B2D, 0x632D, 0x630D, 0x6B0D, 0x6B0D, 0x630D, 0x630D, 0x6B2D, 0x6B2D,   // 0x33E0 (13280) pixels
0x6B0D, 0x6B0D, 0x6B4E, 0x6B2D, 0x6B4E, 0x6B2E, 0x6B4E, 0x6B2D, 0x6AED, 0x630D, 0x630E, 0x630D, 0x630D, 0x6B0E, 0x6B0D, 0x630D,   // 0x33F0 (13296) pixels
0x6B2E, 0x6B0D, 0x6B0E, 0x6B2E, 0x6B0D, 0x6B0D, 0x6B0D, 0x62CD, 0x62AC, 0x5ACC, 0x62EC, 0x62CC, 0x62EC, 0x62CC, 0x5A4B, 0x4A09,   // 0x3400 (13312) pixels
0x4209, 0x5A8B, 0x732E, 0x6AED, 0x6B0C, 0x6B0D, 0x6B0D, 0x630D, 0x6B0D, 0x6B0D, 0x6AED, 0x6B0D, 0x630D, 0x6B4E, 0x632D, 0x630D,   // 0x3410 (13328) pixels
0x6B2D, 0x730D, 0x6B0D, 0x6B0E, 0x6B2E, 0x6B2D, 0x6B0E, 0x6B2E, 0x6B0D, 0x630D, 0x6B2D, 0x6B2D, 0x6B2E, 0x6B2D, 0x6B2D, 0x6B2D,   // 0x3420 (13344) pixels
0x6B2E, 0x6B2D, 0x6B2D, 0x732E, 0x6B4E, 0x732E, 0x6B2D, 0x6B2E, 0x6B2E, 0x632D, 0x6B2D, 0x6B2D, 0x6B4E, 0x6B0D, 0x6B0D, 0x6B0D,   // 0x3430 (13360) pixels
0x6B2D, 0x6B4D, 0x6B4E, 0x6B2E, 0x6B2D, 0x6B4D, 0x736E, 0x734E, 0x6B2E, 0x736E, 0x6B4E, 0x6B2D, 0x6B4D, 0x6B4D, 0x6B2D, 0x732E,   // 0x3440 (13376) pixels
0x6B2E, 0x6B2E, 0x6B2D, 0x6B2D, 0x6B2D, 0x6B4D, 0x6B2D, 0x6B4E, 0x734E, 0x6B4D, 0x6B2D, 0x6B4E, 0x6B4E, 0x6B2E, 0x734E, 0x6B4E,   // 0x3450 (13392) pixels
0x6B4D, 0x6B2D, 0x6B2E, 0x6B4E, 0x734E, 0x6B4E, 0x6B2E, 0x6B2D, 0x6B2E, 0x6B0D, 0x6B0D, 0x6B2D, 0x6B0D, 0x6B0E, 0x6B4E, 0x6B2D,   // 0x3460 (13408) pixels
0x6B2D, 0x6B4E, 0x6B4E, 0x6B2D, 0x6B2D, 0x6B2D, 0x630C, 0x630D, 0x630D, 0x6B0D, 0x6B2E, 0x630D, 0x6B0D, 0x6B4E, 0x6B2E, 0x630D,   // 0x3470 (13424) pixels
0x630D, 0x6B0D, 0x6AED, 0x6B0D, 0x6B2D, 0x6B0E, 0x6B2E, 0x62ED, 0x62AC, 0x62ED, 0x62ED, 0x62ED, 0x62EC, 0x62CC, 0x524A, 0x41E9,   // 0x3480 (13440) pixels
0x4209, 0x5A4A, 0x6AED, 0x6B0D, 0x6B0D, 0x6B0D, 0x6B2D, 0x6B0D, 0x630D, 0x630D, 0x6B0D, 0x630D, 0x632D, 0x6B4D, 0x6B4E, 0x6B0E,   // 0x3490 (13456) pixels
0x6B2E, 0x6B2D, 0x6B0D, 0x6B0D, 0x6B0D, 0x6B2D, 0x6B0D, 0x6B2E, 0x6B2D, 0x6B2E, 0x6B0E, 0x6B0D, 0x6B2D, 0x6B2D, 0x6B4D, 0x6B2D,   // 0x34A0 (13472) pixels
0x730E, 0x6B0D, 0x732E, 0x6B4E, 0x734E, 0x6B2D, 0x6B4E, 0x732E, 0x730E, 0x6B2D, 0x6B2D, 0x6B2E, 0x6B2D, 0x6B2D, 0x730D, 0x6B0D,   // 0x34B0 (13488) pixels
0x632D, 0x6B4D, 0x734E, 0x6B2D, 0x6B2D, 0x6B2D, 0x6B2D, 0x6B2E, 0x732E, 0x6B0D, 0x6B4E, 0x732D, 0x732D, 0x6B2D, 0x6B4D, 0x734E,   // 0x34C0 (13504) pixels
0x6B2D, 0x6B2E, 0x6B0D, 0x6B0E, 0x6B4E, 0x6B2D, 0x6B4E, 0x6B2D, 0x732E, 0x734E, 0x6B4E, 0x6B2D, 0x6B2D, 0x6B2E, 0x6B2E, 0x6B2D,   // 0x34D0 (13520) pixels
0x6B2D, 0x6B4E, 0x6B2E, 0x6B4E, 0x6B4E, 0x6B2E, 0x6B2E, 0x6B2D, 0x6B4E, 0x6B0D, 0x6B0D, 0x6B0D, 0x6B2E, 0x6B2E, 0x6B2E, 0x6B4D,   // 0x34E0 (13536) pixels
0x6B4E, 0x6B2E, 0x630D, 0x6B2E, 0x6B2D, 0x6B0D, 0x62EC, 0x62ED, 0x6B0E, 0x6B2E, 0x6B2E, 0x6B2D, 0x6B2D, 0x6B2E, 0x6B2E, 0x6B0D,   // 0x34F0 (13552) pixels
0x630D, 0x630D, 0x6ACD, 0x62ED, 0x632D, 0x6B0E, 0x630D, 0x62ED, 0x62CC, 0x62CC, 0x62ED, 0x5ACC, 0x62CC, 0x62AB, 0x524A, 0x4A09,   // 0x3500 (13568) pixels
0x420A, 0x522A, 0x6AED, 0x6B0D, 0x630D, 0x6B0D, 0x6B0D, 0x62ED, 0x6B0D, 0x6B0D, 0x6B0D, 0x6AED, 0x6B0D, 0x6B0D, 0x6B2E, 0x6B2E,   // 0x3510 (13584) pixels
0x6B0E, 0x6B2D, 0x6B0D, 0x6B0D, 0x6B0D, 0x630D, 0x6B0D, 0x6B2D, 0x6B4E, 0x734E, 0x6B0D, 0x6B0D, 0x6B0D, 0x6B4D, 0x6B4E, 0x6B2D,   // 0x3520 (13600) pixels
0x6B2D, 0x6B2D, 0x6B4E, 0x6B2D, 0x732D, 0x732D, 0x6B4E, 0x6B4E, 0x734E, 0x732E, 0x6B2D, 0x6B2E, 0x6B2D, 0x6B2D, 0x6B2D, 0x6B0D,   // 0x3530 (13616) pixels
0x632D, 0x6B2D, 0x730D, 0x6B2D, 0x632D, 0x6B2D, 0x6B2D, 0x6B4E, 0x6B4E, 0x6B4E, 0x6B4E, 0x6B2D, 0x6B4E, 0x6B2E, 0x6B2D, 0x6B2D,   // 0x3540 (13632) pixels
0x6B2D, 0x6B2E, 0x632D, 0x6B2D, 0x6B2D, 0x6B4E, 0x6B2D, 0x6B2D, 0x730E, 0x734E, 0x736E, 0x6B4E, 0x6B2E, 0x734E, 0x6B2D, 0x6B2D,   // 0x3550 (13648) pixels
0x6B2E, 0x6B4E, 0x6B4E, 0x6B4E, 0x6B2D, 0x6B0E, 0x6B2D, 0x6B2D, 0x6B0D, 0x630E, 0x630D, 0x6B0D, 0x630D, 0x6B0D, 0x6B0D, 0x6B2D,   // 0x3560 (13664) pixels
0x6B2E, 0x6B2D, 0x6B4E, 0x6B2E, 0x6B2D, 0x6B2D, 0x6B0D, 0x730D, 0x730D, 0x6B2E, 0x6B4E, 0x6B2D, 0x6B0E, 0x730E, 0x6B0E, 0x6B2E,   // 0x3570 (13680) pixels
0x632D, 0x632E, 0x6B0D, 0x630D, 0x630D, 0x630D, 0x630D, 0x630D, 0x62EC, 0x5ACC, 0x62ED, 0x62CC, 0x628B, 0x62AB, 0x5A4A, 0x4A09,   // 0x3580 (13696) pixels
0x420A, 0x524A, 0x6AED, 0x6AED, 0x6B0D, 0x6B2D, 0x630D, 0x630D, 0x6AED, 0x62ED, 0x630D, 0x630D, 0x6B0D, 0x6B0D, 0x6B0E, 0x6B2E,   // 0x3590 (13712) pixels
0x6B0D, 0x6B2D, 0x6B2E, 0x6B2E, 0x6B2E, 0x6B2D, 0x630D, 0x6B2D, 0x6B4E, 0x6B0D, 0x732D, 0x6B4E, 0x6B2E, 0x6B2D, 0x6B2D, 0x6B4E,   // 0x35A0 (13728) pixels
0x6B4E, 0x6B4D, 0x6B4E, 0x6B2D, 0x6B2E, 0x6B2E, 0x6B0D, 0x6B4E, 0x732E, 0x6B2E, 0x6B2D, 0x6B0D, 0x6B2D, 0x630D, 0x6B0D, 0x630D,   // 0x35B0 (13744) pixels
0x632D, 0x6B2D, 0x6B0D, 0x6B0D, 0x6B0D, 0x6B2D, 0x6B2D, 0x6B2D, 0x6B2D, 0x6B4D, 0x6B4D, 0x6B4E, 0x6B4E, 0x6B2D, 0x6B2E, 0x6B2E,   // 0x35C0 (13760) pixels
0x6B0E, 0x6B2D, 0x6B2D, 0x630D, 0x6B2E, 0x734E, 0x6B2D, 0x6B2D, 0x6B2D, 0x6B4D, 0x6B4E, 0x6B2E, 0x734E, 0x6B2E, 0x6B2D, 0x6B2D,   // 0x35D0 (13776) pixels
0x6B2D, 0x6B2D, 0x6B2D, 0x6B2D, 0x734E, 0x734E, 0x6B0D, 0x62ED, 0x62ED, 0x62ED, 0x6AED, 0x62ED, 0x62CD, 0x62EC, 0x62CC, 0x62ED,   // 0x35E0 (13792) pixels
0x62ED, 0x6B0D, 0x6B2E, 0x6B0D, 0x6B2D, 0x734E, 0x6B2D, 0x6B0D, 0x6B2E, 0x6B0D, 0x6B0D, 0x6B2E, 0x6B2D, 0x6B0D, 0x6B2E, 0x632D,   // 0x35F0 (13808) pixels
0x632D, 0x630E, 0x630D, 0x6B2D, 0x630E, 0x6B0D, 0x632D, 0x630D, 0x62ED, 0x62ED, 0x62CC, 0x5AAB, 0x5A8B, 0x5AAC, 0x5A6B, 0x4A09,   // 0x3600 (13824) pixels
0x4209, 0x526A, 0x6B0D, 0x62EC, 0x630C, 0x630D, 0x6AED, 0x6B0D, 0x6B0D, 0x630D, 0x630D, 0x630D, 0x630D, 0x6B0D, 0x6B0D, 0x6B0D,   // 0x3610 (13840) pixels
0x630D, 0x6B2D, 0x6B2E, 0x6B4E, 0x6B2E, 0x6B0D, 0x6B0D, 0x6B4D, 0x6B2D, 0x6B0D, 0x732E, 0x6B2E, 0x634E, 0x6B0D, 0x730D, 0x6B2D,   // 0x3620 (13856) pixels
0x6B4E, 0x6B4E, 0x6B4E, 0x6B2E, 0x6B2E, 0x630D, 0x6B0D, 0x732D, 0x6B0D, 0x632D, 0x6B4E, 0x732D, 0x6B0D, 0x6B2D, 0x62ED, 0x6B0D,   // 0x3630 (13872) pixels
0x6B2D, 0x630D, 0x6B2E, 0x6B2D, 0x6B0D, 0x6B2D, 0x6B2E, 0x634D, 0x6B4E, 0x6B4E, 0x6B2D, 0x6B2D, 0x6B4E, 0x734E, 0x6B4E, 0x6B2E,   // 0x3640 (13888) pixels
0x6B0D, 0x6B2D, 0x6B2D, 0x630D, 0x6B2D, 0x6B4E, 0x6B2D, 0x630D, 0x632D, 0x6B2D, 0x6B2D, 0x6B4E, 0x6B2E, 0x6B2D, 0x6B4D, 0x6B2D,   // 0x3650 (13904) pixels
0x6B2D, 0x6B0D, 0x6AED, 0x6B2D, 0x6B2E, 0x6B0D, 0x630D, 0x630E, 0x630E, 0x630E, 0x62ED, 0x5ACD, 0x62EE, 0x630E, 0x632E, 0x62ED,   // 0x3660 (13920) pixels
0x5AAC, 0x62ED, 0x62ED, 0x6B0D, 0x6B2D, 0x6B2E, 0x6B2D, 0x630D, 0x6B0D, 0x6B0E, 0x6B0D, 0x632D, 0x630D, 0x6B0D, 0x6B2E, 0x6B0D,   // 0x3670 (13936) pixels
0x62ED, 0x62ED, 0x6B0E, 0x6B2E, 0x6B2E, 0x6B2E, 0x630E, 0x630D, 0x6AEC, 0x6AEC, 0x62AC, 0x5AAB, 0x62AC, 0x5AAB, 0x524A, 0x4A2A,   // 0x3680 (13952) pixels
0x41E9, 0x524A, 0x6AED, 0x5AEC, 0x62EC, 0x6AED, 0x6AED, 0x62ED, 0x6B0D, 0x630D, 0x630D, 0x630D, 0x6B0D, 0x6B0D, 0x630D, 0x630D,   // 0x3690 (13968) pixels
0x630D, 0x6B0D, 0x6B2D, 0x6B2D, 0x6B0D, 0x6B0D, 0x6B2D, 0x6B4E, 0x6B2D, 0x6B2E, 0x6B0E, 0x6B0D, 0x6B0D, 0x6B0D, 0x6B0D, 0x6B2E,   // 0x36A0 (13984) pixels
0x632D, 0x6B2D, 0x6B2D, 0x732E, 0x6B0D, 0x6B2D, 0x630D, 0x6B0D, 0x6B2D, 0x632D, 0x6B4D, 0x6B2D, 0x62EC, 0x630D, 0x6AED, 0x6B0D,   // 0x36B0 (14000) pixels
0x6B0D, 0x6B2D, 0x6B2D, 0x6B2D, 0x6B2D, 0x734E, 0x6B2E, 0x6B4E, 0x6B4E, 0x6B4E, 0x6B2D, 0x6B2D, 0x6B0D, 0x6B2D, 0x6B2D, 0x6B2D,   // 0x36C0 (14016) pixels
0x6B2E, 0x6B2D, 0x6B0D, 0x630D, 0x6B2E, 0x6B2D, 0x630D, 0x630D, 0x630D, 0x6B0D, 0x6B0D, 0x630D, 0x6B0D, 0x6B2D, 0x6B4E, 0x6B4E,   // 0x36D0 (14032) pixels
0x6B2E, 0x6B2E, 0x6B2E, 0x6B0D, 0x630D, 0x5AED, 0x5ACC, 0x52AB, 0x524A, 0x526B, 0x630D, 0x630D, 0x62EC, 0x62CC, 0x524A, 0x528B,   // 0x36E0 (14048) pixels
0x62EC, 0x5ACC, 0x62ED, 0x6B0D, 0x630D, 0x632E, 0x6B2D, 0x62ED, 0x62ED, 0x62ED, 0x630D, 0x62ED, 0x630E, 0x6B0D, 0x630D, 0x6B0D,   // 0x36F0 (14064) pixels
0x6B0D, 0x730D, 0x6B0D, 0x6B0E, 0x6B4E, 0x6B2E, 0x630D, 0x62ED, 0x630D, 0x6AEC, 0x62CC, 0x62AC, 0x5AAC, 0x5AAB, 0x526B, 0x4A0A,   // 0x3700 (14080) pixels
0x3A09, 0x524A, 0x730D, 0x62ED, 0x62ED, 0x630C, 0x6B2D, 0x6B0D, 0x630D, 0x6B0D, 0x6B0E, 0x6B0D, 0x6B0D, 0x6B0D, 0x632D, 0x632D,   // 0x3710 (14096) pixels
0x6B0D, 0x6B0D, 0x630D, 0x6B0D, 0x6B0D, 0x6B2D, 0x6B2D, 0x6B4E, 0x6B4E, 0x6B2E, 0x6B0D, 0x632E, 0x6B0D, 0x732D, 0x6B2E, 0x6B2E,   // 0x3720 (14112) pixels
0x6B2E, 0x6B0D, 0x6B2D, 0x6B2E, 0x6B0E, 0x6B2D, 0x6B2E, 0x6B0D, 0x6B2D, 0x6B2D, 0x6B0D, 0x6AED, 0x62ED, 0x630D, 0x6B2D, 0x6B0D,   // 0x3730 (14128) pixels
0x6B0D, 0x6B2D, 0x6B2D, 0x6B0D, 0x6B2D, 0x734E, 0x6B4E, 0x6B2D, 0x6B2E, 0x6B2E, 0x6B4E, 0x6B2D, 0x6B2D, 0x632D, 0x632D, 0x6B2D,   // 0x3740 (14144) pixels
0x6B2E, 0x6B2E, 0x6B4E, 0x6B4E, 0x6B2E, 0x6B2E, 0x6B2D, 0x630D, 0x630D, 0x6B0D, 0x630D, 0x630D, 0x6B0D, 0x6B0D, 0x6B2E, 0x6B4E,   // 0x3750 (14160) pixels
0x6B2D, 0x6B0D, 0x6B0D, 0x630D, 0x6B0D, 0x6B2E, 0x18C3, 0x0020, 0x10C2, 0x0000, 0x528B, 0x630D, 0x0000, 0x10C3, 0x0040, 0x18E3,   // 0x3760 (14176) pixels
0x632E, 0x5AAC, 0x62EC, 0x630D, 0x630D, 0x6B2E, 0x6B0E, 0x62ED, 0x5AEC, 0x62ED, 0x62ED, 0x62ED, 0x6B0D, 0x6B2E, 0x6B0E, 0x6B0D,   // 0x3770 (14192) pixels
0x630D, 0x630D, 0x6B2E, 0x6B0D, 0x6B0D, 0x6B2D, 0x630D, 0x62ED, 0x62ED, 0x62EC, 0x630D, 0x62ED, 0x5ACC, 0x5AAB, 0x5A8B, 0x4A09,   // 0x3780 (14208) pixels
0x4209, 0x5A8B, 0x736D, 0x6B2D, 0x6AED, 0x6B0C, 0x6B0D, 0x6B0D, 0x630D, 0x630D, 0x6B2D, 0x6B2D, 0x630D, 0x62ED, 0x6B2D, 0x6B2D,   // 0x3790 (14224) pixels
0x6B0D, 0x6B0D, 0x730D, 0x6B0E, 0x6B2E, 0x6B2E, 0x6B2E, 0x6B2D, 0x6B2E, 0x732E, 0x6B0E, 0x6B2E, 0x6B4E, 0x734E, 0x734E, 0x6B2E,   // 0x37A0 (14240) pixels
0x6B0D, 0x6B2E, 0x6B2E, 0x6B2D, 0x6B2E, 0x6B0D, 0x632D, 0x6B4E, 0x6B2D, 0x6B2D, 0x6B2D, 0x62EC, 0x62ED, 0x630D, 0x630D, 0x6B0D,   // 0x37B0 (14256) pixels
0x6B0D, 0x6B0D, 0x62ED, 0x630D, 0x6B2D, 0x6B0D, 0x6B2D, 0x6B2D, 0x6B2E, 0x6B2D, 0x630D, 0x632D, 0x6B2E, 0x6B0D, 0x6B2D, 0x6B2E,   // 0x37C0 (14272) pixels
0x732E, 0x6B2E, 0x6B2E, 0x6B0D, 0x6B0D, 0x630D, 0x630D, 0x630D, 0x6B0D, 0x6B0D, 0x6B2D, 0x6B2D, 0x6B0D, 0x6B2E, 0x6B2D, 0x6B2D,   // 0x37D0 (14288) pixels
0x6B0D, 0x62EC, 0x62ED, 0x630D, 0x6B2D, 0x6B2E, 0x3186, 0x0000, 0x4A8A, 0x52AC, 0x5AAC, 0x6B2E, 0x1082, 0x10C2, 0x5B2D, 0x4A8B,   // 0x37E0 (14304) pixels
0x5ACC, 0x5AAC, 0x62CC, 0x6B0D, 0x6B0D, 0x6B0D, 0x630D, 0x62ED, 0x62CC, 0x62ED, 0x62ED, 0x62ED, 0x630D, 0x6B0E, 0x732E, 0x6B2D,   // 0x37F0 (14320) pixels
0x6B2D, 0x630D, 0x6B0D, 0x6B0D, 0x632D, 0x630D, 0x630D, 0x62EC, 0x62EC, 0x62ED, 0x62ED, 0x5ACC, 0x5AAC, 0x62AC, 0x5A8B, 0x4A09,   // 0x3800 (14336) pixels
0x41E9, 0x522A, 0x6B4D, 0x630D, 0x6B0E, 0x6B0E, 0x6B0D, 0x6B0D, 0x630D, 0x630D, 0x6B0D, 0x630D, 0x6B0D, 0x6B0D, 0x6AED, 0x72ED,   // 0x3810 (14352) pixels
0x6B0D, 0x6B2E, 0x6B2E, 0x734E, 0x6B4E, 0x6B2E, 0x6B2E, 0x6B2D, 0x6B2D, 0x6B2E, 0x6B0D, 0x6B0D, 0x6B4E, 0x6B4E, 0x6B2D, 0x6B2E,   // 0x3820 (14368) pixels
0x6B0E, 0x6B0D, 0x6B2D, 0x6B2D, 0x6B2E, 0x6B2D, 0x630D, 0x6B0D, 0x6B2D, 0x6B2D, 0x6B2D, 0x6B0D, 0x62ED, 0x62ED, 0x6B2D, 0x6B0D,   // 0x3830 (14384) pixels
0x6B0D, 0x6B2D, 0x630D, 0x6B2E, 0x6B0D, 0x6B0D, 0x6B2D, 0x6B2E, 0x6B0D, 0x6B0D, 0x630D, 0x6B2D, 0x6B2E, 0x632D, 0x6B2D, 0x6B2D,   // 0x3840 (14400) pixels
0x6B4E, 0x6B2D, 0x6B2D, 0x6AED, 0x6B0D, 0x632D, 0x630D, 0x62EC, 0x6AED, 0x6B2D, 0x6B0D, 0x6B0D, 0x6B0D, 0x6B2E, 0x6B2D, 0x630D,   // 0x3850 (14416) pixels
0x6B0E, 0x6B2D, 0x630D, 0x6B0D, 0x6B2D, 0x62ED, 0x6B6F, 0x2124, 0x18E3, 0x736F, 0x62CD, 0x630D, 0x630D, 0x0861, 0x4A4A, 0x738F,   // 0x3860 (14432) pixels
0x5AAC, 0x5ACC, 0x5AEC, 0x6B0D, 0x6B2D, 0x6B4E, 0x630D, 0x5B0D, 0x62ED, 0x62EC, 0x62ED, 0x62CC, 0x6B0E, 0x6B0E, 0x6B0D, 0x6B0D,   // 0x3870 (14448) pixels
0x6B0D, 0x62ED, 0x62ED, 0x630D, 0x630D, 0x630D, 0x630D, 0x62ED, 0x62ED, 0x62ED, 0x62EC, 0x62CC, 0x5ACC, 0x5AAC, 0x5A4A, 0x5229,   // 0x3880 (14464) pixels
0x41E9, 0x4A29, 0x6B0D, 0x6B2D, 0x632D, 0x630D, 0x630D, 0x6B0D, 0x630D, 0x62EC, 0x62ED, 0x630D, 0x6AED, 0x630D, 0x6B0D, 0x6AED,   // 0x3890 (14480) pixels
0x6B0D, 0x6B2D, 0x6B4E, 0x6B4E, 0x734E, 0x6B2D, 0x630D, 0x6B2D, 0x6B2D, 0x6B0D, 0x6B2E, 0x630D, 0x6B0D, 0x6B4E, 0x6B4E, 0x732D,   // 0x38A0 (14496) pixels
0x6B2E, 0x6B2E, 0x6AED, 0x6B2D, 0x6B2D, 0x6B4E, 0x6B2D, 0x6B2D, 0x632D, 0x6B2D, 0x630D, 0x6B0D, 0x6B0D, 0x62ED, 0x6B2D, 0x6B0D,   // 0x38B0 (14512) pixels
0x6B0D, 0x6B2D, 0x6B2D, 0x6B0D, 0x6B0D, 0x6B0D, 0x6B2E, 0x6B2D, 0x6B0D, 0x6B0D, 0x6B4D, 0x6B2D, 0x6B0D, 0x6B2D, 0x6B2D, 0x6B2E,   // 0x38C0 (14528) pixels
0x6B0D, 0x6B2D, 0x6B4D, 0x6B2E, 0x6B2E, 0x632D, 0x6B0D, 0x6B0D, 0x6B2D, 0x6B0D, 0x6B0D, 0x6B0D, 0x632D, 0x6B2D, 0x6B2E, 0x630D,   // 0x38D0 (14544) pixels
0x6B0D, 0x6B2D, 0x6B2D, 0x6B0D, 0x62ED, 0x5AAC, 0x7B90, 0x3186, 0x0020, 0x5AED, 0x5AED, 0x5AED, 0x736F, 0x0861, 0x2145, 0x6B4E,   // 0x38E0 (14560) pixels
0x62CC, 0x62CD, 0x62CC, 0x630D, 0x6B2E, 0x6B2E, 0x632D, 0x630D, 0x62EC, 0x62ED, 0x6AED, 0x630D, 0x6B2E, 0x630D, 0x62ED, 0x62ED,   // 0x38F0 (14576) pixels
0x62ED, 0x62ED, 0x5AEC, 0x62ED, 0x62ED, 0x630D, 0x630D, 0x62ED, 0x62ED, 0x62EC, 0x62EC, 0x62EC, 0x5ACC, 0x5AAC, 0x5A6A, 0x4A29,   // 0x3900 (14592) pixels
0x4209, 0x4A09, 0x6ACC, 0x730D, 0x6B0E, 0x630D, 0x62EC, 0x630D, 0x62CC, 0x62CD, 0x630D, 0x630D, 0x62ED, 0x6AED, 0x6B0D, 0x630D,   // 0x3910 (14608) pixels
0x62ED, 0x6B0D, 0x632D, 0x632D, 0x6B2D, 0x6B2D, 0x6B2E, 0x6B0D, 0x6B0D, 0x6B2D, 0x6B2E, 0x6B0D, 0x630D, 0x6B0D, 0x6B2E, 0x6B2E,   // 0x3920 (14624) pixels
0x632D, 0x630D, 0x6B0D, 0x6B0D, 0x630D, 0x6B0D, 0x6B0D, 0x6B2D, 0x6B2D, 0x6B0D, 0x6B0D, 0x630D, 0x6B2D, 0x6B0C, 0x630D, 0x630D,   // 0x3930 (14640) pixels
0x630D, 0x6B0D, 0x630C, 0x630D, 0x630D, 0x6B2D, 0x6B0D, 0x6B0D, 0x630D, 0x630D, 0x6B0D, 0x6B0D, 0x6B0D, 0x6B0D, 0x6B0D, 0x6B0D,   // 0x3940 (14656) pixels
0x630D, 0x632D, 0x6B2D, 0x6B0D, 0x6B2D, 0x630D, 0x6B0D, 0x6B0D, 0x6B2E, 0x6B0D, 0x6B0D, 0x6B0D, 0x6B0D, 0x6B0D, 0x6B2D, 0x6B0D,   // 0x3950 (14672) pixels
0x6ACD, 0x6B0D, 0x6B2D, 0x6B0D, 0x62ED, 0x62ED, 0x5A8B, 0x0840, 0x4249, 0x73AF, 0x62ED, 0x6B2E, 0x3186, 0x0882, 0x6B8F, 0x734F,   // 0x3960 (14688) pixels
0x62CD, 0x62AC, 0x62ED, 0x630D, 0x6B0E, 0x6B0D, 0x6B2D, 0x6B2D, 0x62EC, 0x630D, 0x632E, 0x630E, 0x630D, 0x630D, 0x62ED, 0x62CC,   // 0x3970 (14704) pixels
0x62CD, 0x62ED, 0x62EC, 0x62ED, 0x62ED, 0x630D, 0x62ED, 0x62ED, 0x630D, 0x62ED, 0x5ACC, 0x62ED, 0x630D, 0x62CC, 0x524A, 0x41E9,   // 0x3980 (14720) pixels
0x420A, 0x5229, 0x6AEC, 0x62CC, 0x62ED, 0x6B0D, 0x62ED, 0x630D, 0x6B0D, 0x6AED, 0x62ED, 0x62ED, 0x62ED, 0x62ED, 0x630D, 0x630D,   // 0x3990 (14736) pixels
0x62ED, 0x630D, 0x630D, 0x6B0D, 0x5ACC, 0x630D, 0x6B2E, 0x6B0D, 0x6B0D, 0x6B2D, 0x6B0D, 0x6AED, 0x630D, 0x6AED, 0x6B0D, 0x6B2D,   // 0x39A0 (14752) pixels
0x6B0D, 0x630D, 0x630D, 0x632D, 0x630D, 0x6B0D, 0x6B0D, 0x630D, 0x6B0D, 0x6B0D, 0x6B2D, 0x632D, 0x6B2E, 0x630D, 0x630D, 0x632E,   // 0x39B0 (14768) pixels
0x6B0D, 0x630D, 0x630D, 0x6B0D, 0x630D, 0x630D, 0x62ED, 0x630D, 0x630D, 0x62ED, 0x630D, 0x6B2D, 0x6B0D, 0x6B2D, 0x6B0D, 0x6B0D,   // 0x39C0 (14784) pixels
0x632D, 0x6B0E, 0x6B0E, 0x630D, 0x6B2D, 0x6B0D, 0x6B0D, 0x6B2D, 0x6B2D, 0x6B2D, 0x6B2E, 0x6B0D, 0x6B2D, 0x72ED, 0x6B0D, 0x630D,   // 0x39D0 (14800) pixels
0x6B0D, 0x6B0D, 0x6B0D, 0x6B0D, 0x6AED, 0x6B2E, 0x2104, 0x0000, 0x2124, 0x18A2, 0x4A4A, 0x630D, 0x0000, 0x0841, 0x2144, 0x2945,   // 0x39E0 (14816) pixels
0x5ACC, 0x62ED, 0x62ED, 0x630D, 0x632D, 0x6B0C, 0x730C, 0x6B2D, 0x6B0D, 0x6B0D, 0x630D, 0x630D, 0x6B0D, 0x6B0D, 0x62ED, 0x62ED,   // 0x39F0 (14832) pixels
0x62ED, 0x62ED, 0x62EC, 0x62ED, 0x62ED, 0x62CC, 0x62ED, 0x62ED, 0x6B2D, 0x6B0D, 0x6AED, 0x62EC, 0x62EC, 0x62AC, 0x522A, 0x41E9,   // 0x3A00 (14848) pixels
0x39C8, 0x524A, 0x630D, 0x62CC, 0x630D, 0x62ED, 0x62EC, 0x6B0D, 0x6B0D, 0x62ED, 0x630D, 0x6AED, 0x6AEC, 0x62EC, 0x6B0D, 0x62ED,   // 0x3A10 (14864) pixels
0x630D, 0x630C, 0x630D, 0x6B0D, 0x62ED, 0x6B0D, 0x630D, 0x630D, 0x6B0D, 0x630D, 0x630D, 0x6AED, 0x6B2E, 0x6B0D, 0x630D, 0x62EC,   // 0x3A20 (14880) pixels
0x62ED, 0x6B0D, 0x6AED, 0x6AED, 0x6B0D, 0x6B0D, 0x630D, 0x62ED, 0x6B0D, 0x630D, 0x630D, 0x6B2E, 0x6B2E, 0x62ED, 0x632D, 0x630D,   // 0x3A30 (14896) pixels
0x6B0D, 0x6B0D, 0x6B0D, 0x6B0D, 0x62EC, 0x6AED, 0x6AED, 0x6B0D, 0x6B0D, 0x6AEC, 0x630D, 0x6B2D, 0x6B2D, 0x6B0D, 0x6B0D, 0x6B2D,   // 0x3A40 (14912) pixels
0x6B2D, 0x6B0D, 0x6B0D, 0x630D, 0x6B2E, 0x6B4E, 0x6B2D, 0x630D, 0x6AEC, 0x6B2E, 0x630D, 0x62ED, 0x6B2D, 0x6AED, 0x62ED, 0x630D,   // 0x3A50 (14928) pixels
0x630D, 0x6B0D, 0x6B0D, 0x6B0D, 0x630D, 0x62CD, 0x41E8, 0x2125, 0x3186, 0x3186, 0x4A4A, 0x62ED, 0x31C8, 0x29A6, 0x31A6, 0x39E8,   // 0x3A60 (14944) pixels
0x5ACC, 0x62CC, 0x62CC, 0x6AED, 0x630D, 0x630D, 0x6B0D, 0x6B0D, 0x6B2D, 0x630D, 0x630D, 0x6B0D, 0x6B0D, 0x630D, 0x6B0D, 0x5AED,   // 0x3A70 (14960) pixels
0x62ED, 0x62ED, 0x62EC, 0x62ED, 0x62ED, 0x62CC, 0x62ED, 0x6B0D, 0x6B0D, 0x6B0D, 0x6AED, 0x62CC, 0x5A8C, 0x5A8B, 0x524A, 0x4A09,   // 0x3A80 (14976) pixels
0x39C8, 0x5229, 0x62CC, 0x62EC, 0x6B0D, 0x62CC, 0x62CC, 0x62ED, 0x62EC, 0x62ED, 0x6AED, 0x6AEC, 0x62EC, 0x630D, 0x630D, 0x630D,   // 0x3A90 (14992) pixels
0x62ED, 0x630D, 0x62EC, 0x62EC, 0x630D, 0x6B0D, 0x6B0D, 0x6B0D, 0x630D, 0x630D, 0x630D, 0x630D, 0x6B0D, 0x630D, 0x630D, 0x630D,   // 0x3AA0 (15008) pixels
0x630D, 0x6B0D, 0x6AED, 0x6B0D, 0x630D, 0x632D, 0x630D, 0x62ED, 0x6B0D, 0x6B0D, 0x6B0D, 0x6B0D, 0x630D, 0x62EC, 0x62EC, 0x62EC,   // 0x3AB0 (15024) pixels
0x62EC, 0x6AEC, 0x6AED, 0x5AEC, 0x5AEC, 0x6B0C, 0x6B0D, 0x6AED, 0x6AED, 0x630D, 0x6AED, 0x6AED, 0x6B2D, 0x6B0D, 0x6B0D, 0x6B2D,   // 0x3AC0 (15040) pixels
0x6B0D, 0x6B2E, 0x6B2D, 0x630D, 0x6B2E, 0x6B2E, 0x6B2D, 0x6B0D, 0x6B0D, 0x6B4E, 0x6B2D, 0x630D, 0x62ED, 0x62ED, 0x630D, 0x6B2D,   // 0x3AD0 (15056) pixels
0x6B2D, 0x6B0D, 0x6B0D, 0x62ED, 0x630C, 0x5ACC, 0x62CD, 0x632E, 0x632D, 0x6B2E, 0x62ED, 0x5AAC, 0x630E, 0x6B2E, 0x630D, 0x62ED,   // 0x3AE0 (15072) pixels
0x62CC, 0x62CC, 0x630D, 0x6B0D, 0x62ED, 0x630D, 0x6B0D, 0x630D, 0x632D, 0x630C, 0x630D, 0x6B2E, 0x630D, 0x630D, 0x630D, 0x62ED,   // 0x3AF0 (15088) pixels
0x62ED, 0x62ED, 0x62ED, 0x62ED, 0x62ED, 0x62ED, 0x62CC, 0x62CC, 0x62CC, 0x62ED, 0x62ED, 0x62CC, 0x5A8C, 0x5A8B, 0x526A, 0x49E9,   // 0x3B00 (15104) pixels
0x41E9, 0x49E8, 0x62CC, 0x6B0D, 0x6AED, 0x62EC, 0x6AED, 0x62CC, 0x62EC, 0x6B0D, 0x62ED, 0x62ED, 0x62ED, 0x630D, 0x6B0D, 0x6B0D,   // 0x3B10 (15120) pixels
0x6B0D, 0x62ED, 0x62EC, 0x62CC, 0x62EC, 0x630D, 0x6B0D, 0x6AED, 0x6AED, 0x6B0D, 0x6B0C, 0x6AED, 0x6AED, 0x6B0D, 0x630D, 0x62ED,   // 0x3B20 (15136) pixels
0x6AED, 0x6B0C, 0x630C, 0x630C, 0x6B0D, 0x6B0E, 0x6B0D, 0x6B2E, 0x6B0D, 0x6B0D, 0x6B0D, 0x6B0D, 0x6B0D, 0x630D, 0x5ACC, 0x62EC,   // 0x3B30 (15152) pixels
0x62ED, 0x62ED, 0x5ACC, 0x62ED, 0x62CD, 0x62ED, 0x6B0D, 0x6B2D, 0x62EC, 0x62EC, 0x6AED, 0x6AED, 0x6B0D, 0x6B0D, 0x630C, 0x6B0D,   // 0x3B40 (15168) pixels
0x6B0E, 0x6B2E, 0x6B2D, 0x6B2D, 0x6B2D, 0x6B2E, 0x6B2E, 0x6B0D, 0x6B2D, 0x6B2E, 0x6B2E, 0x6B2D, 0x630D, 0x630D, 0x6B2D, 0x6B2E,   // 0x3B50 (15184) pixels
0x630D, 0x6B0D, 0x6AED, 0x6B0D, 0x632D, 0x630D, 0x62CD, 0x5AAC, 0x5ACD, 0x62AC, 0x5ACC, 0x5ACC, 0x5AAC, 0x628C, 0x626B, 0x62AB,   // 0x3B60 (15200) pixels
0x62ED, 0x62ED, 0x630D, 0x6B0D, 0x630D, 0x6B0D, 0x6B0D, 0x630D, 0x6B0D, 0x62ED, 0x630D, 0x630D, 0x62EC, 0x6B0D, 0x62ED, 0x62ED,   // 0x3B70 (15216) pixels
0x62EC, 0x62EC, 0x62EC, 0x62EC, 0x62CD, 0x62ED, 0x62EC, 0x5ACC, 0x5AAC, 0x5AAC, 0x62CC, 0x5AEC, 0x5AAC, 0x628C, 0x5A6A, 0x49E9,   // 0x3B80 (15232) pixels
0x41E9, 0x49E8, 0x5ACB, 0x6B0D, 0x62CC, 0x62CC, 0x6AEC, 0x62ED, 0x6AEC, 0x6AEC, 0x62ED, 0x62ED, 0x6AEC, 0x6AEC, 0x72ED, 0x6B0D,   // 0x3B90 (15248) pixels
0x6B0D, 0x62EC, 0x62CC, 0x62ED, 0x62ED, 0x62ED, 0x6AED, 0x6AED, 0x6B0D, 0x630D, 0x6B0D, 0x6B0D, 0x630D, 0x630D, 0x6B0D, 0x630C,   // 0x3BA0 (15264) pixels
0x62EC, 0x62EC, 0x630D, 0x630D, 0x630D, 0x6AED, 0x6B0D, 0x630D, 0x6B0D, 0x6B2D, 0x6B0D, 0x630D, 0x6B0D, 0x6B0D, 0x62EC, 0x62EC,   // 0x3BB0 (15280) pixels
0x62CD, 0x62ED, 0x62CC, 0x62CC, 0x6AED, 0x62CD, 0x6B0D, 0x6B0D, 0x62CD, 0x62EC, 0x6AED, 0x6B0D, 0x6B0D, 0x6AED, 0x630C, 0x6B0E,   // 0x3BC0 (15296) pixels
0x6B0D, 0x6B2D, 0x6B2D, 0x6B2E, 0x630D, 0x6B2E, 0x6B2E, 0x630D, 0x630D, 0x6B2E, 0x6B2D, 0x630D, 0x6B0D, 0x6B2D, 0x6B0D, 0x6AED,   // 0x3BD0 (15312) pixels
0x6AED, 0x630D, 0x6B0D, 0x6B0D, 0x630D, 0x6B0D, 0x62ED, 0x62ED, 0x6B0D, 0x62ED, 0x62ED, 0x62ED, 0x6AED, 0x6AAB, 0x62AB, 0x62EC,   // 0x3BE0 (15328) pixels
0x630D, 0x62ED, 0x62EC, 0x630D, 0x630D, 0x630D, 0x62ED, 0x630D, 0x62ED, 0x6AED, 0x6B0D, 0x630C, 0x62ED, 0x62ED, 0x62ED, 0x62ED,   // 0x3BF0 (15344) pixels
0x62EC, 0x62EC, 0x62CC, 0x62CC, 0x62AC, 0x62AC, 0x5ACC, 0x62CC, 0x5AAC, 0x5AAB, 0x62CC, 0x62ED, 0x6ACC, 0x62AC, 0x524A, 0x41E8,   // 0x3C00 (15360) pixels
0x4209, 0x41C8, 0x528B, 0x62CD, 0x6ACB, 0x5A88, 0x5268, 0x5A89, 0x6AEC, 0x6AED, 0x6ACC, 0x62EB, 0x62EC, 0x6B0D, 0x630D, 0x62ED,   // 0x3C10 (15376) pixels
0x6AED, 0x6ACC, 0x62CD, 0x62ED, 0x630D, 0x630D, 0x62ED, 0x6AED, 0x62EC, 0x6AED, 0x6B0D, 0x630D, 0x630D, 0x6B0D, 0x630D, 0x62EC,   // 0x3C20 (15392) pixels
0x62EC, 0x62ED, 0x62ED, 0x6AED, 0x62ED, 0x62EC, 0x62ED, 0x6B0D, 0x62EC, 0x62ED, 0x6B0D, 0x62ED, 0x62ED, 0x6AEC, 0x6AED, 0x630D,   // 0x3C30 (15408) pixels
0x62ED, 0x62ED, 0x62CC, 0x62EC, 0x62ED, 0x62CD, 0x62ED, 0x630C, 0x630D, 0x62ED, 0x62ED, 0x6B0D, 0x6AED, 0x6B0D, 0x62ED, 0x630D,   // 0x3C40 (15424) pixels
0x6B2D, 0x6B0D, 0x6B0D, 0x6B2D, 0x630D, 0x6B2D, 0x6B0D, 0x630D, 0x6B0D, 0x6B0D, 0x6B2D, 0x5AEC, 0x630D, 0x6B0D, 0x62ED, 0x62ED,   // 0x3C50 (15440) pixels
0x6B2D, 0x6B0D, 0x630D, 0x630D, 0x62ED, 0x6AED, 0x62ED, 0x630D, 0x6B0D, 0x62ED, 0x62ED, 0x6B0D, 0x62ED, 0x62CB, 0x62EC, 0x6AED,   // 0x3C60 (15456) pixels
0x62ED, 0x62ED, 0x6B0D, 0x630C, 0x62EC, 0x6B0D, 0x62ED, 0x62ED, 0x630D, 0x62EC, 0x62EC, 0x630D, 0x630D, 0x5AED, 0x62CC, 0x62CC,   // 0x3C70 (15472) pixels
0x5ACC, 0x62CD, 0x62CC, 0x5ACC, 0x62CC, 0x62CC, 0x5ACC, 0x5AAC, 0x62CC, 0x62EC, 0x6AED, 0x6B0D, 0x6AED, 0x62CC, 0x526A, 0x49E8,   // 0x3C80 (15488) pixels
0x422A, 0x4187, 0x524A, 0x62ED, 0x5247, 0x5246, 0x5246, 0x4A45, 0x5AA9, 0x6B0D, 0x6AEC, 0x62CB, 0x62EC, 0x6B0D, 0x630D, 0x62ED,   // 0x3C90 (15504) pixels
0x6AED, 0x6ACC, 0x62ED, 0x62EC, 0x62EC, 0x62ED, 0x6AED, 0x6AED, 0x6ACC, 0x6B0D, 0x6B0D, 0x6B0D, 0x6B0D, 0x6B0D, 0x62ED, 0x5AED,   // 0x3CA0 (15520) pixels
0x62ED, 0x62CD, 0x62EC, 0x62EC, 0x6AED, 0x630D, 0x62ED, 0x6AED, 0x62ED, 0x62ED, 0x62ED, 0x630D, 0x62EC, 0x62EC, 0x62EC, 0x62CD,   // 0x3CB0 (15536) pixels
0x6AED, 0x6AED, 0x62CD, 0x62EC, 0x630D, 0x62ED, 0x6ACD, 0x6B0D, 0x62EC, 0x62CC, 0x62EC, 0x62EC, 0x62ED, 0x630D, 0x6B0E, 0x6B4E,   // 0x3CC0 (15552) pixels
0x6B4E, 0x632D, 0x6B2D, 0x6B2D, 0x6B2D, 0x6B2D, 0x6B0D, 0x6B0D, 0x62ED, 0x6B0D, 0x6B0D, 0x62EC, 0x62ED, 0x62ED, 0x630D, 0x632D,   // 0x3CD0 (15568) pixels
0x6B2D, 0x6B0D, 0x630D, 0x62ED, 0x630D, 0x6AED, 0x6AED, 0x632E, 0x62ED, 0x62ED, 0x62ED, 0x62ED, 0x62ED, 0x6ACC, 0x6AED, 0x62ED,   // 0x3CE0 (15584) pixels
0x62EC, 0x62EC, 0x62ED, 0x62ED, 0x6AED, 0x6AED, 0x62EC, 0x62ED, 0x62ED, 0x630C, 0x5AEC, 0x630D, 0x62EC, 0x62ED, 0x62ED, 0x62EC,   // 0x3CF0 (15600) pixels
0x62CC, 0x62CD, 0x62AC, 0x5AAC, 0x5ACC, 0x62CC, 0x62CC, 0x5AAB, 0x62EC, 0x6AEC, 0x6AEC, 0x62EC, 0x5ACC, 0x62AC, 0x5A4A, 0x49C9,   // 0x3D00 (15616) pixels
0x528C, 0x41A7, 0x6249, 0x62CC, 0x5247, 0x5A87, 0x5AA7, 0x4A45, 0x4A48, 0x62CC, 0x62CC, 0x62ED, 0x62ED, 0x62EC, 0x6B0D, 0x6B0D,   // 0x3D10 (15632) pixels
0x62ED, 0x62ED, 0x6B0D, 0x62EC, 0x62CD, 0x62EC, 0x6ACC, 0x6AED, 0x6B0D, 0x6B0D, 0x6AED, 0x6B0D, 0x6AEC, 0x62ED, 0x62ED, 0x62EC,   // 0x3D20 (15648) pixels
0x630D, 0x6AED, 0x6AEC, 0x6AED, 0x6AED, 0x6B0D, 0x62ED, 0x62ED, 0x630D, 0x62ED, 0x62CC, 0x6AED, 0x62ED, 0x62CC, 0x62CC, 0x62CC,   // 0x3D30 (15664) pixels
0x62EC, 0x62EC, 0x5AAC, 0x62CC, 0x62ED, 0x62ED, 0x6AED, 0x62ED, 0x5ACC, 0x5AEC, 0x62CC, 0x5ACC, 0x630D, 0x630D, 0x6B0E, 0x6B0D,   // 0x3D40 (15680) pixels
0x6B0D, 0x630D, 0x6B2D, 0x6B2D, 0x6B2D, 0x6B2D, 0x6B0D, 0x6AED, 0x62ED, 0x62EC, 0x62EC, 0x6AED, 0x62ED, 0x6AEC, 0x6B0D, 0x6B0D,   // 0x3D50 (15696) pixels
0x6B0D, 0x630D, 0x630D, 0x62ED, 0x6B0D, 0x6B0D, 0x6B0D, 0x6AED, 0x630D, 0x6AED, 0x62CC, 0x5ACC, 0x62EC, 0x6AED, 0x6AED, 0x62ED,   // 0x3D60 (15712) pixels
0x62CC, 0x62EC, 0x62CD, 0x6AED, 0x62EC, 0x62EC, 0x5AAB, 0x5AAC, 0x62CC, 0x62EC, 0x62EC, 0x5ACC, 0x5ACC, 0x5ACC, 0x5ACC, 0x62EC,   // 0x3D70 (15728) pixels
0x62CC, 0x5AAB, 0x62AC, 0x5AAC, 0x5ACC, 0x62AC, 0x62CC, 0x62CB, 0x62CB, 0x62EC, 0x62CC, 0x62CC, 0x5ACC, 0x5AAB, 0x5A4A, 0x41E8,   // 0x3D80 (15744) pixels
0x31C9, 0x5A6B, 0x624A, 0x62AC, 0x5AA9, 0x4A25, 0x4205, 0x4A06, 0x5ACB, 0x6B0D, 0x62CC, 0x62ED, 0x6AED, 0x6B0D, 0x630D, 0x630D,   // 0x3D90 (15760) pixels
0x630D, 0x6AED, 0x6B0D, 0x630D, 0x62EC, 0x62CC, 0x62CC, 0x6B0D, 0x630D, 0x62ED, 0x6B0D, 0x630D, 0x6B0D, 0x6B0D, 0x630D, 0x6AED,   // 0x3DA0 (15776) pixels
0x6B0D, 0x6B0D, 0x62EC, 0x630D, 0x6B0D, 0x6B0D, 0x6ACC, 0x6AED, 0x62ED, 0x5AEC, 0x62ED, 0x6AED, 0x6AED, 0x62CC, 0x62CC, 0x62CC,   // 0x3DB0 (15792) pixels
0x6AED, 0x62ED, 0x5ACC, 0x62CC, 0x62ED, 0x62ED, 0x630C, 0x5ACB, 0x62CC, 0x62ED, 0x6AED, 0x62ED, 0x62ED, 0x6AED, 0x6B0D, 0x62ED,   // 0x3DC0 (15808) pixels
0x62EC, 0x62ED, 0x630D, 0x630D, 0x630D, 0x632D, 0x6B0D, 0x62EC, 0x5ACB, 0x5AEC, 0x62EC, 0x62CC, 0x62EC, 0x630D, 0x6AED, 0x6B2D,   // 0x3DD0 (15824) pixels
0x6B0C, 0x6B0D, 0x6B0D, 0x62EC, 0x6AED, 0x6B0D, 0x6B0D, 0x62ED, 0x62CC, 0x62EC, 0x62ED, 0x5ACC, 0x5ACC, 0x62ED, 0x62ED, 0x62ED,   // 0x3DE0 (15840) pixels
0x62CC, 0x62ED, 0x62CD, 0x62CC, 0x6AEB, 0x62AB, 0x5ACC, 0x5ACB, 0x6AAB, 0x62CC, 0x630C, 0x5ACC, 0x5ACD, 0x5ACC, 0x5ACC, 0x5ACC,   // 0x3DF0 (15856) pixels
0x5ACB, 0x62CC, 0x5ACC, 0x5AAC, 0x5ACC, 0x5ACC, 0x62AC, 0x62CC, 0x62AC, 0x62CC, 0x62CC, 0x62EC, 0x62ED, 0x62AB, 0x524A, 0x41C8,   // 0x3E00 (15872) pixels
0x39C9, 0x41C9, 0x62CD, 0x5A8B, 0x62CB, 0x41C7, 0x2943, 0x4A08, 0x62AB, 0x62AB, 0x62CC, 0x62CC, 0x630D, 0x630D, 0x62EC, 0x62ED,   // 0x3E10 (15888) pixels
0x62ED, 0x62CC, 0x62CC, 0x5AEC, 0x5AEC, 0x5ACC, 0x5ACC, 0x62CC, 0x62CC, 0x62ED, 0x630D, 0x632E, 0x6B0E, 0x6B2E, 0x6B2E, 0x6B0D,   // 0x3E20 (15904) pixels
0x630D, 0x6B0D, 0x6AED, 0x62ED, 0x630D, 0x6B0D, 0x62EC, 0x62CC, 0x6AED, 0x632D, 0x62ED, 0x6AED, 0x6B0D, 0x62EC, 0x6B0C, 0x6B0D,   // 0x3E30 (15920) pixels
0x6B0D, 0x6B0D, 0x6AED, 0x62ED, 0x630D, 0x62ED, 0x6B0D, 0x6B0D, 0x6AED, 0x730D, 0x6B0D, 0x6B0D, 0x6B0D, 0x6B0D, 0x6B0D, 0x6B2D,   // 0x3E40 (15936) pixels
0x62ED, 0x62ED, 0x6B2D, 0x62ED, 0x62CD, 0x6B0D, 0x62ED, 0x630D, 0x62ED, 0x62EC, 0x6B0D, 0x630D, 0x62ED, 0x6B0D, 0x630D, 0x632E,   // 0x3E50 (15952) pixels
0x6B0C, 0x6AEC, 0x62CC, 0x62ED, 0x5ACD, 0x630D, 0x6B2E, 0x630D, 0x62CC, 0x5ACC, 0x5ACC, 0x5AAC, 0x5AAC, 0x5AAB, 0x5AAB, 0x5AAC,   // 0x3E60 (15968) pixels
0x5AAB, 0x5A8B, 0x5ACC, 0x5ACC, 0x62CC, 0x5AAC, 0x5ACC, 0x62CC, 0x62CC, 0x5ACC, 0x62EC, 0x62ED, 0x62ED, 0x62ED, 0x5AED, 0x62CC,   // 0x3E70 (15984) pixels
0x62CC, 0x5ACC, 0x5AAC, 0x5ACC, 0x5ACC, 0x5AAC, 0x5A8C, 0x62AC, 0x5ACC, 0x5ACC, 0x5ACC, 0x62CC, 0x62ED, 0x628B, 0x5229, 0x41C8,   // 0x3E80 (16000) pixels
0x39C9, 0x41C8, 0x522A, 0x62CC, 0x524A, 0x4A09, 0x3186, 0x41C7, 0x49E8, 0x4A08, 0x5A49, 0x628A, 0x62AB, 0x5AAB, 0x62AB, 0x62CC,   // 0x3E90 (16016) pixels
0x6AED, 0x62CC, 0x628B, 0x62AB, 0x62EC, 0x62EC, 0x62AC, 0x62CC, 0x62CC, 0x6AED, 0x62EC, 0x62EC, 0x630D, 0x6B2D, 0x732D, 0x730D,   // 0x3EA0 (16032) pixels
0x6B0D, 0x6B0D, 0x730E, 0x6B0D, 0x6B2E, 0x732D, 0x6B2D, 0x630D, 0x6AED, 0x732E, 0x6B0D, 0x6B0D, 0x6B2D, 0x6B2D, 0x6B2D, 0x732E,   // 0x3EB0 (16048) pixels
0x7B6E, 0x736E, 0x734E, 0x7B2E, 0x730D, 0x6AEC, 0x730D, 0x734E, 0x732D, 0x6B2D, 0x6B2D, 0x730D, 0x6B0D, 0x6B2E, 0x6B0D, 0x6B2D,   // 0x3EC0 (16064) pixels
0x732D, 0x6B0D, 0x6B0D, 0x6B0D, 0x732D, 0x732E, 0x6B2E, 0x732D, 0x730D, 0x6B0D, 0x6B0D, 0x730E, 0x732E, 0x7B4E, 0x734E, 0x734E,   // 0x3ED0 (16080) pixels
0x732E, 0x62CC, 0x6B0D, 0x6AED, 0x6B0D, 0x6B2D, 0x732D, 0x6B0D, 0x6B0D, 0x62CC, 0x528B, 0x5ACC, 0x62AC, 0x5AAB, 0x5AAB, 0x62AC,   // 0x3EE0 (16096) pixels
0x5A8B, 0x5A8B, 0x6B0D, 0x732E, 0x62CC, 0x62CD, 0x62CC, 0x5ACC, 0x5ACC, 0x62CC, 0x6B0D, 0x6B0D, 0x6B2E, 0x6B2E, 0x6B2E, 0x732D,   // 0x3EF0 (16112) pixels
0x6AED, 0x62ED, 0x6AED, 0x6B0D, 0x62ED, 0x6AED, 0x6AED, 0x6AED, 0x62EC, 0x62CC, 0x6B0D, 0x62EC, 0x62EC, 0x62EC, 0x5A4A, 0x41C9,   // 0x3F00 (16128) pixels
0x39C9, 0x41C8, 0x522A, 0x524B, 0x4A0A, 0x1061, 0x1061, 0x1882, 0x18A2, 0x1061, 0x1861, 0x20A2, 0x1882, 0x1882, 0x20A2, 0x20A2,   // 0x3F10 (16144) pixels
0x20C3, 0x20A3, 0x20C3, 0x20C3, 0x20C4, 0x20E3, 0x20A3, 0x20C3, 0x20C3, 0x20C3, 0x20C3, 0x20C3, 0x20E3, 0x20E4, 0x20E3, 0x28C3,   // 0x3F20 (16160) pixels
0x20C4, 0x20C3, 0x20C3, 0x20E3, 0x28E4, 0x28E4, 0x28E4, 0x20E3, 0x20C4, 0x20E4, 0x20E3, 0x28E4, 0x2904, 0x2904, 0x2904, 0x2904,   // 0x3F30 (16176) pixels
0x3125, 0x2925, 0x2924, 0x3104, 0x2904, 0x28E3, 0x28E3, 0x28E3, 0x2904, 0x2103, 0x20E3, 0x28E4, 0x20E3, 0x28E4, 0x20E3, 0x28E3,   // 0x3F40 (16192) pixels
0x28E3, 0x28E3, 0x28E4, 0x2904, 0x2904, 0x2904, 0x2904, 0x2904, 0x28E3, 0x20E4, 0x20E4, 0x28E4, 0x2904, 0x2924, 0x2904, 0x2904,   // 0x3F50 (16208) pixels
0x2904, 0x20E4, 0x2904, 0x28E3, 0x2904, 0x2904, 0x2904, 0x2904, 0x2924, 0x28E4, 0x20E4, 0x2904, 0x28E4, 0x2904, 0x2904, 0x28E4,   // 0x3F60 (16224) pixels
0x28E3, 0x28E4, 0x2925, 0x3125, 0x3125, 0x2925, 0x2925, 0x2904, 0x2904, 0x2924, 0x2925, 0x2925, 0x2925, 0x3125, 0x3145, 0x3165,   // 0x3F70 (16240) pixels
0x3145, 0x2925, 0x3145, 0x3145, 0x2925, 0x3145, 0x3145, 0x3145, 0x2924, 0x2904, 0x3125, 0x2925, 0x2904, 0x2903, 0x28E4, 0x528D,   // 0x3F80 (16256) pixels
0x39C9, 0x41C8, 0x522A, 0x5A6B, 0x2926, 0x0821, 0x0000, 0x0000, 0x0000, 0x0000, 0x0000, 0x0000, 0x0000, 0x0000, 0x0000, 0x0000,   // 0x3F90 (16272) pixels
0x0000, 0x0000, 0x0000, 0x0000, 0x0000, 0x0000, 0x0000, 0x0000, 0x0000, 0x0000, 0x0000, 0x0000, 0x0000, 0x0000, 0x0000, 0x0000,   // 0x3FA0 (16288) pixels
0x0000, 0x0000, 0x0000, 0x0000, 0x0000, 0x0000, 0x0000, 0x0000, 0x0000, 0x0000, 0x0000, 0x0000, 0x0000, 0x0000, 0x0000, 0x0000,   // 0x3FB0 (16304) pixels
0x0000, 0x0000, 0x0000, 0x0000, 0x0000, 0x0000, 0x0000, 0x0000, 0x0000, 0x0000, 0x0000, 0x0000, 0x0000, 0x0000, 0x0000, 0x0000,   // 0x3FC0 (16320) pixels
0x0000, 0x0000, 0x0000, 0x0000, 0x0000, 0x0000, 0x0000, 0x0000, 0x0000, 0x0000, 0x0000, 0x0000, 0x0000, 0x0000, 0x0000, 0x0000,   // 0x3FD0 (16336) pixels
0x0000, 0x0000, 0x0000, 0x0000, 0x0000, 0x0000, 0x0000, 0x0000, 0x0000, 0x0000, 0x0000, 0x0000, 0x0000, 0x0000, 0x0000, 0x0000,   // 0x3FE0 (16352) pixels
0x0000, 0x0000, 0x0000, 0x0000, 0x0000, 0x0000, 0x0000, 0x0000, 0x0000, 0x0000, 0x0000, 0x0000, 0x0000, 0x0000, 0x0000, 0x0000,   // 0x3FF0 (16368) pixels
0x0000, 0x0000, 0x0000, 0x0000, 0x0000, 0x0000, 0x0000, 0x0000, 0x0000, 0x0000, 0x0000, 0x0000, 0x0000, 0x0000, 0x18C4, 0x39CA,   // 0x4000 (16384) pixels
};
